antecedents,consequents,antecedent support,consequent support,support,confidence,lift,representativity,leverage,conviction,zhangs_metric,jaccard,certainty,kulczynski
frozenset({'Water Bottle'}),"frozenset({'Notebook', 'Pen', 'Backpack'})",0.048,0.048,0.048,1.0,20.833333333333332,1.0,0.045696,inf,1.0,1.0,1.0,1.0
"frozenset({'Pen', 'Backpack'})","frozenset({'Notebook', 'Water Bottle'})",0.048,0.048,0.048,1.0,20.833333333333332,1.0,0.045696,inf,1.0,1.0,1.0,1.0
frozenset({'Backpack'}),frozenset({'Water Bottle'}),0.048,0.048,0.048,1.0,20.833333333333332,1.0,0.045696,inf,1.0,1.0,1.0,1.0
frozenset({'Water Bottle'}),frozenset({'Backpack'}),0.048,0.048,0.048,1.0,20.833333333333332,1.0,0.045696,inf,1.0,1.0,1.0,1.0
"frozenset({'Notebook', 'Backpack'})","frozenset({'Water Bottle', 'Pen'})",0.048,0.048,0.048,1.0,20.833333333333332,1.0,0.045696,inf,1.0,1.0,1.0,1.0
"frozenset({'Water Bottle', 'Pen'})","frozenset({'Notebook', 'Backpack'})",0.048,0.048,0.048,1.0,20.833333333333332,1.0,0.045696,inf,1.0,1.0,1.0,1.0
"frozenset({'Notebook', 'Water Bottle'})",frozenset({'Backpack'}),0.048,0.048,0.048,1.0,20.833333333333332,1.0,0.045696,inf,1.0,1.0,1.0,1.0
"frozenset({'Notebook', 'Backpack'})",frozenset({'Water Bottle'}),0.048,0.048,0.048,1.0,20.833333333333332,1.0,0.045696,inf,1.0,1.0,1.0,1.0
frozenset({'Water Bottle'}),"frozenset({'Notebook', 'Backpack'})",0.048,0.048,0.048,1.0,20.833333333333332,1.0,0.045696,inf,1.0,1.0,1.0,1.0
frozenset({'Backpack'}),"frozenset({'Notebook', 'Water Bottle'})",0.048,0.048,0.048,1.0,20.833333333333332,1.0,0.045696,inf,1.0,1.0,1.0,1.0
"frozenset({'Water Bottle', 'Pen'})",frozenset({'Backpack'}),0.048,0.048,0.048,1.0,20.833333333333332,1.0,0.045696,inf,1.0,1.0,1.0,1.0
"frozenset({'Pen', 'Backpack'})",frozenset({'Water Bottle'}),0.048,0.048,0.048,1.0,20.833333333333332,1.0,0.045696,inf,1.0,1.0,1.0,1.0
frozenset({'Water Bottle'}),"frozenset({'Pen', 'Backpack'})",0.048,0.048,0.048,1.0,20.833333333333332,1.0,0.045696,inf,1.0,1.0,1.0,1.0
frozenset({'Backpack'}),"frozenset({'Water Bottle', 'Pen'})",0.048,0.048,0.048,1.0,20.833333333333332,1.0,0.045696,inf,1.0,1.0,1.0,1.0
"frozenset({'Notebook', 'Water Bottle', 'Pen'})",frozenset({'Backpack'}),0.048,0.048,0.048,1.0,20.833333333333332,1.0,0.045696,inf,1.0,1.0,1.0,1.0
"frozenset({'Notebook', 'Water Bottle'})","frozenset({'Pen', 'Backpack'})",0.048,0.048,0.048,1.0,20.833333333333332,1.0,0.045696,inf,1.0,1.0,1.0,1.0
"frozenset({'Notebook', 'Pen', 'Backpack'})",frozenset({'Water Bottle'}),0.048,0.048,0.048,1.0,20.833333333333332,1.0,0.045696,inf,1.0,1.0,1.0,1.0
frozenset({'Backpack'}),"frozenset({'Notebook', 'Water Bottle', 'Pen'})",0.048,0.048,0.048,1.0,20.833333333333332,1.0,0.045696,inf,1.0,1.0,1.0,1.0
frozenset({'Tablet'}),"frozenset({'Charger', 'Tablet Cover'})",0.076,0.076,0.076,1.0,13.157894736842106,1.0,0.070224,inf,1.0,1.0,1.0,1.0
"frozenset({'Tablet', 'Earphones', 'Charger'})",frozenset({'Tablet Cover'}),0.076,0.076,0.076,1.0,13.157894736842106,1.0,0.070224,inf,1.0,1.0,1.0,1.0
"frozenset({'Tablet', 'Charger'})","frozenset({'Earphones', 'Tablet Cover'})",0.076,0.076,0.076,1.0,13.157894736842106,1.0,0.070224,inf,1.0,1.0,1.0,1.0
"frozenset({'Tablet', 'Earphones'})","frozenset({'Charger', 'Tablet Cover'})",0.076,0.076,0.076,1.0,13.157894736842106,1.0,0.070224,inf,1.0,1.0,1.0,1.0
"frozenset({'Earphones', 'Charger', 'Tablet Cover'})",frozenset({'Tablet'}),0.076,0.076,0.076,1.0,13.157894736842106,1.0,0.070224,inf,1.0,1.0,1.0,1.0
"frozenset({'Earphones', 'Tablet Cover'})","frozenset({'Tablet', 'Charger'})",0.076,0.076,0.076,1.0,13.157894736842106,1.0,0.070224,inf,1.0,1.0,1.0,1.0
"frozenset({'Earphones', 'Tablet Cover'})",frozenset({'Tablet'}),0.076,0.076,0.076,1.0,13.157894736842106,1.0,0.070224,inf,1.0,1.0,1.0,1.0
frozenset({'Tablet Cover'}),"frozenset({'Tablet', 'Earphones', 'Charger'})",0.076,0.076,0.076,1.0,13.157894736842106,1.0,0.070224,inf,1.0,1.0,1.0,1.0
"frozenset({'Charger', 'Tablet Cover'})","frozenset({'Tablet', 'Earphones'})",0.076,0.076,0.076,1.0,13.157894736842106,1.0,0.070224,inf,1.0,1.0,1.0,1.0
frozenset({'Tablet'}),"frozenset({'Earphones', 'Charger', 'Tablet Cover'})",0.076,0.076,0.076,1.0,13.157894736842106,1.0,0.070224,inf,1.0,1.0,1.0,1.0
frozenset({'Tablet'}),frozenset({'Tablet Cover'}),0.076,0.076,0.076,1.0,13.157894736842106,1.0,0.070224,inf,1.0,1.0,1.0,1.0
frozenset({'Tablet Cover'}),"frozenset({'Tablet', 'Charger'})",0.076,0.076,0.076,1.0,13.157894736842106,1.0,0.070224,inf,1.0,1.0,1.0,1.0
"frozenset({'Tablet', 'Charger'})",frozenset({'Tablet Cover'}),0.076,0.076,0.076,1.0,13.157894736842106,1.0,0.070224,inf,1.0,1.0,1.0,1.0
frozenset({'Tablet Cover'}),frozenset({'Tablet'}),0.076,0.076,0.076,1.0,13.157894736842106,1.0,0.070224,inf,1.0,1.0,1.0,1.0
frozenset({'Tablet'}),"frozenset({'Earphones', 'Tablet Cover'})",0.076,0.076,0.076,1.0,13.157894736842106,1.0,0.070224,inf,1.0,1.0,1.0,1.0
frozenset({'Tablet Cover'}),"frozenset({'Tablet', 'Earphones'})",0.076,0.076,0.076,1.0,13.157894736842106,1.0,0.070224,inf,1.0,1.0,1.0,1.0
"frozenset({'Charger', 'Tablet Cover'})",frozenset({'Tablet'}),0.076,0.076,0.076,1.0,13.157894736842106,1.0,0.070224,inf,1.0,1.0,1.0,1.0
"frozenset({'Tablet', 'Earphones'})",frozenset({'Tablet Cover'}),0.076,0.076,0.076,1.0,13.157894736842106,1.0,0.070224,inf,1.0,1.0,1.0,1.0
frozenset({'Tablet'}),"frozenset({'Charger', 'Earphones'})",0.076,0.08,0.076,1.0,12.5,1.0,0.06992,inf,0.9956709956709957,0.95,1.0,0.975
frozenset({'Tablet Cover'}),"frozenset({'Earphones', 'Charger'})",0.076,0.08,0.076,1.0,12.5,1.0,0.06992,inf,0.9956709956709957,0.95,1.0,0.975
"frozenset({'Charger', 'Earphones'})",frozenset({'Tablet'}),0.08,0.076,0.076,0.95,12.5,1.0,0.06992,18.479999999999986,1.0,0.95,0.9458874458874459,0.975
"frozenset({'Tablet', 'Tablet Cover'})","frozenset({'Earphones', 'Charger'})",0.076,0.08,0.076,1.0,12.5,1.0,0.06992,inf,0.9956709956709957,0.95,1.0,0.975
"frozenset({'Earphones', 'Charger'})","frozenset({'Tablet', 'Tablet Cover'})",0.08,0.076,0.076,0.95,12.5,1.0,0.06992,18.479999999999986,1.0,0.95,0.9458874458874459,0.975
"frozenset({'Earphones', 'Charger'})",frozenset({'Tablet Cover'}),0.08,0.076,0.076,0.95,12.5,1.0,0.06992,18.479999999999986,1.0,0.95,0.9458874458874459,0.975
"frozenset({'Mouse', 'Laptop', 'USB Hub'})","frozenset({'Laptop Bag', 'Keyboard'})",0.088,0.084,0.084,0.9545454545454547,11.363636363636365,1.0,0.07660800000000001,20.15200000000007,1.0,0.9545454545454548,0.9503771337832475,0.9772727272727273
"frozenset({'Laptop Bag', 'Keyboard'})","frozenset({'Laptop', 'USB Hub'})",0.084,0.088,0.084,1.0,11.363636363636365,1.0,0.07660800000000001,inf,0.9956331877729258,0.9545454545454548,1.0,0.9772727272727273
"frozenset({'Laptop Bag', 'Keyboard', 'Mouse'})","frozenset({'Laptop', 'USB Hub'})",0.084,0.088,0.084,1.0,11.363636363636365,1.0,0.07660800000000001,inf,0.9956331877729258,0.9545454545454548,1.0,0.9772727272727273
"frozenset({'Laptop', 'USB Hub'})","frozenset({'Laptop Bag', 'Keyboard'})",0.088,0.084,0.084,0.9545454545454547,11.363636363636365,1.0,0.07660800000000001,20.15200000000007,1.0,0.9545454545454548,0.9503771337832475,0.9772727272727273
"frozenset({'Laptop', 'USB Hub'})","frozenset({'Laptop Bag', 'Keyboard', 'Mouse'})",0.088,0.084,0.084,0.9545454545454547,11.363636363636365,1.0,0.07660800000000001,20.15200000000007,1.0,0.9545454545454548,0.9503771337832475,0.9772727272727273
"frozenset({'Laptop Bag', 'Keyboard'})","frozenset({'Mouse', 'Laptop', 'USB Hub'})",0.084,0.088,0.084,1.0,11.363636363636365,1.0,0.07660800000000001,inf,0.9956331877729258,0.9545454545454548,1.0,0.9772727272727273
"frozenset({'Notebook', 'Pen', 'Coffee Mug'})",frozenset({'Desk Lamp'}),0.092,0.092,0.092,1.0,10.869565217391305,1.0,0.083536,inf,1.0,1.0,1.0,1.0
frozenset({'Desk Lamp'}),"frozenset({'Notebook', 'Coffee Mug'})",0.092,0.092,0.092,1.0,10.869565217391305,1.0,0.083536,inf,1.0,1.0,1.0,1.0
"frozenset({'Desk Lamp', 'Notebook'})","frozenset({'Pen', 'Coffee Mug'})",0.092,0.092,0.092,1.0,10.869565217391305,1.0,0.083536,inf,1.0,1.0,1.0,1.0
"frozenset({'Desk Lamp', 'Pen'})","frozenset({'Notebook', 'Coffee Mug'})",0.092,0.092,0.092,1.0,10.869565217391305,1.0,0.083536,inf,1.0,1.0,1.0,1.0
"frozenset({'Notebook', 'Coffee Mug'})","frozenset({'Desk Lamp', 'Pen'})",0.092,0.092,0.092,1.0,10.869565217391305,1.0,0.083536,inf,1.0,1.0,1.0,1.0
"frozenset({'Notebook', 'Coffee Mug'})",frozenset({'Desk Lamp'}),0.092,0.092,0.092,1.0,10.869565217391305,1.0,0.083536,inf,1.0,1.0,1.0,1.0
"frozenset({'Pen', 'Coffee Mug'})",frozenset({'Desk Lamp'}),0.092,0.092,0.092,1.0,10.869565217391305,1.0,0.083536,inf,1.0,1.0,1.0,1.0
frozenset({'Desk Lamp'}),"frozenset({'Notebook', 'Pen', 'Coffee Mug'})",0.092,0.092,0.092,1.0,10.869565217391305,1.0,0.083536,inf,1.0,1.0,1.0,1.0
"frozenset({'Pen', 'Coffee Mug'})","frozenset({'Desk Lamp', 'Notebook'})",0.092,0.092,0.092,1.0,10.869565217391305,1.0,0.083536,inf,1.0,1.0,1.0,1.0
frozenset({'Desk Lamp'}),"frozenset({'Pen', 'Coffee Mug'})",0.092,0.092,0.092,1.0,10.869565217391305,1.0,0.083536,inf,1.0,1.0,1.0,1.0
"frozenset({'Screen Protector', 'Phone'})","frozenset({'Charger', 'Phone Case', 'Power Bank'})",0.104,0.104,0.104,1.0,9.615384615384615,1.0,0.09318399999999999,inf,0.9999999999999999,1.0,1.0,1.0
frozenset({'Screen Protector'}),"frozenset({'Charger', 'Phone', 'Phone Case', 'Power Bank'})",0.104,0.104,0.104,1.0,9.615384615384615,1.0,0.09318399999999999,inf,0.9999999999999999,1.0,1.0,1.0
"frozenset({'Charger', 'Screen Protector', 'Phone'})","frozenset({'Phone Case', 'Power Bank'})",0.104,0.104,0.104,1.0,9.615384615384615,1.0,0.09318399999999999,inf,0.9999999999999999,1.0,1.0,1.0
"frozenset({'Phone Case', 'Power Bank'})","frozenset({'Charger', 'Screen Protector'})",0.104,0.104,0.104,1.0,9.615384615384615,1.0,0.09318399999999999,inf,0.9999999999999999,1.0,1.0,1.0
frozenset({'Screen Protector'}),"frozenset({'Phone Case', 'Power Bank', 'Phone'})",0.104,0.104,0.104,1.0,9.615384615384615,1.0,0.09318399999999999,inf,0.9999999999999999,1.0,1.0,1.0
"frozenset({'Charger', 'Phone', 'Phone Case', 'Power Bank'})",frozenset({'Screen Protector'}),0.104,0.104,0.104,1.0,9.615384615384615,1.0,0.09318399999999999,inf,0.9999999999999999,1.0,1.0,1.0
"frozenset({'Charger', 'Screen Protector'})","frozenset({'Phone Case', 'Power Bank'})",0.104,0.104,0.104,1.0,9.615384615384615,1.0,0.09318399999999999,inf,0.9999999999999999,1.0,1.0,1.0
"frozenset({'Charger', 'Phone Case', 'Power Bank'})","frozenset({'Screen Protector', 'Phone'})",0.104,0.104,0.104,1.0,9.615384615384615,1.0,0.09318399999999999,inf,0.9999999999999999,1.0,1.0,1.0
frozenset({'Screen Protector'}),"frozenset({'Phone Case', 'Charger', 'Power Bank'})",0.104,0.104,0.104,1.0,9.615384615384615,1.0,0.09318399999999999,inf,0.9999999999999999,1.0,1.0,1.0
"frozenset({'Phone Case', 'Power Bank', 'Phone'})",frozenset({'Screen Protector'}),0.104,0.104,0.104,1.0,9.615384615384615,1.0,0.09318399999999999,inf,0.9999999999999999,1.0,1.0,1.0
"frozenset({'Charger', 'Screen Protector'})","frozenset({'Phone Case', 'Phone', 'Power Bank'})",0.104,0.104,0.104,1.0,9.615384615384615,1.0,0.09318399999999999,inf,0.9999999999999999,1.0,1.0,1.0
"frozenset({'Phone Case', 'Charger', 'Power Bank'})",frozenset({'Screen Protector'}),0.104,0.104,0.104,1.0,9.615384615384615,1.0,0.09318399999999999,inf,0.9999999999999999,1.0,1.0,1.0
frozenset({'Screen Protector'}),"frozenset({'Phone Case', 'Power Bank'})",0.104,0.104,0.104,1.0,9.615384615384615,1.0,0.09318399999999999,inf,0.9999999999999999,1.0,1.0,1.0
"frozenset({'Phone Case', 'Power Bank'})",frozenset({'Screen Protector'}),0.104,0.104,0.104,1.0,9.615384615384615,1.0,0.09318399999999999,inf,0.9999999999999999,1.0,1.0,1.0
"frozenset({'Screen Protector', 'Phone'})","frozenset({'Phone Case', 'Power Bank'})",0.104,0.104,0.104,1.0,9.615384615384615,1.0,0.09318399999999999,inf,0.9999999999999999,1.0,1.0,1.0
"frozenset({'Phone Case', 'Power Bank'})","frozenset({'Screen Protector', 'Phone'})",0.104,0.104,0.104,1.0,9.615384615384615,1.0,0.09318399999999999,inf,0.9999999999999999,1.0,1.0,1.0
"frozenset({'Phone Case', 'Phone', 'Power Bank'})","frozenset({'Charger', 'Screen Protector'})",0.104,0.104,0.104,1.0,9.615384615384615,1.0,0.09318399999999999,inf,0.9999999999999999,1.0,1.0,1.0
"frozenset({'Phone Case', 'Power Bank'})","frozenset({'Charger', 'Screen Protector', 'Phone'})",0.104,0.104,0.104,1.0,9.615384615384615,1.0,0.09318399999999999,inf,0.9999999999999999,1.0,1.0,1.0
"frozenset({'Charger', 'Screen Protector', 'Power Bank'})","frozenset({'Phone Case', 'Phone'})",0.104,0.116,0.104,1.0,8.620689655172413,1.0,0.09193599999999999,inf,0.9866071428571427,0.8965517241379309,1.0,0.9482758620689655
"frozenset({'Phone Case', 'Phone'})","frozenset({'Charger', 'Screen Protector', 'Power Bank'})",0.116,0.104,0.104,0.8965517241379309,8.620689655172413,1.0,0.09193599999999999,8.661333333333326,1.0,0.8965517241379309,0.8845443349753693,0.9482758620689655
"frozenset({'Phone Case', 'Phone'})","frozenset({'Screen Protector', 'Power Bank'})",0.116,0.104,0.104,0.8965517241379309,8.620689655172413,1.0,0.09193599999999999,8.661333333333326,1.0,0.8965517241379309,0.8845443349753693,0.9482758620689655
"frozenset({'Screen Protector', 'Power Bank'})","frozenset({'Charger', 'Phone Case', 'Phone'})",0.104,0.116,0.104,1.0,8.620689655172413,1.0,0.09193599999999999,inf,0.9866071428571427,0.8965517241379309,1.0,0.9482758620689655
"frozenset({'Phone Case', 'Charger'})","frozenset({'Screen Protector', 'Phone'})",0.116,0.104,0.104,0.8965517241379309,8.620689655172413,1.0,0.09193599999999999,8.661333333333326,1.0,0.8965517241379309,0.8845443349753693,0.9482758620689655
"frozenset({'Phone Case', 'Phone'})","frozenset({'Charger', 'Screen Protector'})",0.116,0.104,0.104,0.8965517241379309,8.620689655172413,1.0,0.09193599999999999,8.661333333333326,1.0,0.8965517241379309,0.8845443349753693,0.9482758620689655
"frozenset({'Screen Protector', 'Phone'})","frozenset({'Phone Case', 'Charger'})",0.104,0.116,0.104,1.0,8.620689655172413,1.0,0.09193599999999999,inf,0.9866071428571427,0.8965517241379309,1.0,0.9482758620689655
"frozenset({'Charger', 'Phone Case', 'Phone'})","frozenset({'Screen Protector', 'Power Bank'})",0.116,0.104,0.104,0.8965517241379309,8.620689655172413,1.0,0.09193599999999999,8.661333333333326,1.0,0.8965517241379309,0.8845443349753693,0.9482758620689655
frozenset({'Screen Protector'}),"frozenset({'Phone Case', 'Charger', 'Phone'})",0.104,0.116,0.104,1.0,8.620689655172413,1.0,0.09193599999999999,inf,0.9866071428571427,0.8965517241379309,1.0,0.9482758620689655
"frozenset({'Screen Protector', 'Power Bank'})","frozenset({'Phone Case', 'Charger'})",0.104,0.116,0.104,1.0,8.620689655172413,1.0,0.09193599999999999,inf,0.9866071428571427,0.8965517241379309,1.0,0.9482758620689655
"frozenset({'Charger', 'Screen Protector'})","frozenset({'Phone Case', 'Phone'})",0.104,0.116,0.104,1.0,8.620689655172413,1.0,0.09193599999999999,inf,0.9866071428571427,0.8965517241379309,1.0,0.9482758620689655
frozenset({'Screen Protector'}),"frozenset({'Phone Case', 'Phone'})",0.104,0.116,0.104,1.0,8.620689655172413,1.0,0.09193599999999999,inf,0.9866071428571427,0.8965517241379309,1.0,0.9482758620689655
"frozenset({'Screen Protector', 'Phone', 'Power Bank'})","frozenset({'Charger', 'Phone Case'})",0.104,0.116,0.104,1.0,8.620689655172413,1.0,0.09193599999999999,inf,0.9866071428571427,0.8965517241379309,1.0,0.9482758620689655
"frozenset({'Charger', 'Phone Case'})","frozenset({'Screen Protector', 'Phone', 'Power Bank'})",0.116,0.104,0.104,0.8965517241379309,8.620689655172413,1.0,0.09193599999999999,8.661333333333326,1.0,0.8965517241379309,0.8845443349753693,0.9482758620689655
"frozenset({'Phone Case', 'Charger'})","frozenset({'Screen Protector', 'Power Bank'})",0.116,0.104,0.104,0.8965517241379309,8.620689655172413,1.0,0.09193599999999999,8.661333333333326,1.0,0.8965517241379309,0.8845443349753693,0.9482758620689655
"frozenset({'Screen Protector', 'Power Bank'})","frozenset({'Phone Case', 'Phone'})",0.104,0.116,0.104,1.0,8.620689655172413,1.0,0.09193599999999999,inf,0.9866071428571427,0.8965517241379309,1.0,0.9482758620689655
"frozenset({'Phone Case', 'Charger'})",frozenset({'Screen Protector'}),0.116,0.104,0.104,0.8965517241379309,8.620689655172413,1.0,0.09193599999999999,8.661333333333326,1.0,0.8965517241379309,0.8845443349753693,0.9482758620689655
"frozenset({'Phone Case', 'Phone'})",frozenset({'Screen Protector'}),0.116,0.104,0.104,0.8965517241379309,8.620689655172413,1.0,0.09193599999999999,8.661333333333326,1.0,0.8965517241379309,0.8845443349753693,0.9482758620689655
"frozenset({'Phone Case', 'Charger', 'Phone'})",frozenset({'Screen Protector'}),0.116,0.104,0.104,0.8965517241379309,8.620689655172413,1.0,0.09193599999999999,8.661333333333326,1.0,0.8965517241379309,0.8845443349753693,0.9482758620689655
frozenset({'Screen Protector'}),"frozenset({'Phone Case', 'Charger'})",0.104,0.116,0.104,1.0,8.620689655172413,1.0,0.09193599999999999,inf,0.9866071428571427,0.8965517241379309,1.0,0.9482758620689655
"frozenset({'Desk Lamp', 'Notebook'})",frozenset({'Coffee Mug'}),0.092,0.12,0.092,1.0,8.333333333333334,1.0,0.08096,inf,0.9691629955947137,0.7666666666666667,1.0,0.8833333333333333
frozenset({'Coffee Mug'}),frozenset({'Desk Lamp'}),0.12,0.092,0.092,0.7666666666666667,8.333333333333334,1.0,0.08096,3.8914285714285723,1.0,0.7666666666666667,0.7430249632892806,0.8833333333333333
frozenset({'Coffee Mug'}),"frozenset({'Desk Lamp', 'Notebook'})",0.12,0.092,0.092,0.7666666666666667,8.333333333333334,1.0,0.08096,3.8914285714285723,1.0,0.7666666666666667,0.7430249632892806,0.8833333333333333
frozenset({'Coffee Mug'}),"frozenset({'Desk Lamp', 'Pen'})",0.12,0.092,0.092,0.7666666666666667,8.333333333333334,1.0,0.08096,3.8914285714285723,1.0,0.7666666666666667,0.7430249632892806,0.8833333333333333
frozenset({'Coffee Mug'}),"frozenset({'Desk Lamp', 'Notebook', 'Pen'})",0.12,0.092,0.092,0.7666666666666667,8.333333333333334,1.0,0.08096,3.8914285714285723,1.0,0.7666666666666667,0.7430249632892806,0.8833333333333333
frozenset({'Desk Lamp'}),frozenset({'Coffee Mug'}),0.092,0.12,0.092,1.0,8.333333333333334,1.0,0.08096,inf,0.9691629955947137,0.7666666666666667,1.0,0.8833333333333333
"frozenset({'Desk Lamp', 'Notebook', 'Pen'})",frozenset({'Coffee Mug'}),0.092,0.12,0.092,1.0,8.333333333333334,1.0,0.08096,inf,0.9691629955947137,0.7666666666666667,1.0,0.8833333333333333
"frozenset({'Desk Lamp', 'Pen'})",frozenset({'Coffee Mug'}),0.092,0.12,0.092,1.0,8.333333333333334,1.0,0.08096,inf,0.9691629955947137,0.7666666666666667,1.0,0.8833333333333333
"frozenset({'Phone Case', 'Screen Protector'})","frozenset({'Charger', 'Phone', 'Power Bank'})",0.104,0.124,0.104,1.0,8.064516129032258,1.0,0.09110399999999999,inf,0.9776785714285713,0.8387096774193549,1.0,0.9193548387096774
frozenset({'Screen Protector'}),"frozenset({'Charger', 'Power Bank', 'Phone'})",0.104,0.124,0.104,1.0,8.064516129032258,1.0,0.09110399999999999,inf,0.9776785714285713,0.8387096774193549,1.0,0.9193548387096774
"frozenset({'Charger', 'Power Bank', 'Phone'})",frozenset({'Screen Protector'}),0.124,0.104,0.104,0.8387096774193548,8.064516129032258,1.0,0.09110399999999999,5.5551999999999975,1.0,0.8387096774193549,0.8199884792626727,0.9193548387096774
"frozenset({'Charger', 'Phone', 'Power Bank'})","frozenset({'Phone Case', 'Screen Protector'})",0.124,0.104,0.104,0.8387096774193548,8.064516129032258,1.0,0.09110399999999999,5.5551999999999975,1.0,0.8387096774193549,0.8199884792626727,0.9193548387096774
frozenset({'Phone Case'}),"frozenset({'Charger', 'Screen Protector', 'Phone'})",0.132,0.104,0.104,0.7878787878787878,7.575757575757576,1.0,0.09027199999999999,4.223999999999999,1.0,0.7878787878787878,0.7632575757575757,0.8939393939393939
frozenset({'Phone Case'}),"frozenset({'Screen Protector', 'Power Bank'})",0.132,0.104,0.104,0.7878787878787878,7.575757575757576,1.0,0.09027199999999999,4.223999999999999,1.0,0.7878787878787878,0.7632575757575757,0.8939393939393939
frozenset({'Phone Case'}),"frozenset({'Screen Protector', 'Charger', 'Phone', 'Power Bank'})",0.132,0.104,0.104,0.7878787878787878,7.575757575757576,1.0,0.09027199999999999,4.223999999999999,1.0,0.7878787878787878,0.7632575757575757,0.8939393939393939
frozenset({'Phone Case'}),"frozenset({'Charger', 'Screen Protector', 'Power Bank'})",0.132,0.104,0.104,0.7878787878787878,7.575757575757576,1.0,0.09027199999999999,4.223999999999999,1.0,0.7878787878787878,0.7632575757575757,0.8939393939393939
frozenset({'Phone Case'}),"frozenset({'Screen Protector', 'Power Bank', 'Phone'})",0.132,0.104,0.104,0.7878787878787878,7.575757575757576,1.0,0.09027199999999999,4.223999999999999,1.0,0.7878787878787878,0.7632575757575757,0.8939393939393939
frozenset({'Phone Case'}),frozenset({'Screen Protector'}),0.132,0.104,0.104,0.7878787878787878,7.575757575757576,1.0,0.09027199999999999,4.223999999999999,1.0,0.7878787878787878,0.7632575757575757,0.8939393939393939
frozenset({'Phone Case'}),"frozenset({'Screen Protector', 'Phone'})",0.132,0.104,0.104,0.7878787878787878,7.575757575757576,1.0,0.09027199999999999,4.223999999999999,1.0,0.7878787878787878,0.7632575757575757,0.8939393939393939
frozenset({'Phone Case'}),"frozenset({'Charger', 'Screen Protector'})",0.132,0.104,0.104,0.7878787878787878,7.575757575757576,1.0,0.09027199999999999,4.223999999999999,1.0,0.7878787878787878,0.7632575757575757,0.8939393939393939
"frozenset({'Screen Protector', 'Power Bank'})",frozenset({'Phone Case'}),0.104,0.132,0.104,1.0,7.575757575757575,1.0,0.09027199999999999,inf,0.9687499999999999,0.7878787878787878,1.0,0.8939393939393939
frozenset({'Screen Protector'}),frozenset({'Phone Case'}),0.104,0.132,0.104,1.0,7.575757575757575,1.0,0.09027199999999999,inf,0.9687499999999999,0.7878787878787878,1.0,0.8939393939393939
"frozenset({'Charger', 'Screen Protector', 'Phone'})",frozenset({'Phone Case'}),0.104,0.132,0.104,1.0,7.575757575757575,1.0,0.09027199999999999,inf,0.9687499999999999,0.7878787878787878,1.0,0.8939393939393939
"frozenset({'Charger', 'Screen Protector', 'Power Bank'})",frozenset({'Phone Case'}),0.104,0.132,0.104,1.0,7.575757575757575,1.0,0.09027199999999999,inf,0.9687499999999999,0.7878787878787878,1.0,0.8939393939393939
"frozenset({'Charger', 'Screen Protector'})",frozenset({'Phone Case'}),0.104,0.132,0.104,1.0,7.575757575757575,1.0,0.09027199999999999,inf,0.9687499999999999,0.7878787878787878,1.0,0.8939393939393939
"frozenset({'Screen Protector', 'Charger', 'Phone', 'Power Bank'})",frozenset({'Phone Case'}),0.104,0.132,0.104,1.0,7.575757575757575,1.0,0.09027199999999999,inf,0.9687499999999999,0.7878787878787878,1.0,0.8939393939393939
"frozenset({'Screen Protector', 'Power Bank', 'Phone'})",frozenset({'Phone Case'}),0.104,0.132,0.104,1.0,7.575757575757575,1.0,0.09027199999999999,inf,0.9687499999999999,0.7878787878787878,1.0,0.8939393939393939
"frozenset({'Screen Protector', 'Phone'})",frozenset({'Phone Case'}),0.104,0.132,0.104,1.0,7.575757575757575,1.0,0.09027199999999999,inf,0.9687499999999999,0.7878787878787878,1.0,0.8939393939393939
"frozenset({'Phone Case', 'Screen Protector'})","frozenset({'Charger', 'Power Bank'})",0.104,0.136,0.104,1.0,7.352941176470588,1.0,0.08985599999999999,inf,0.9642857142857142,0.7647058823529411,1.0,0.8823529411764706
"frozenset({'Phone Case', 'Screen Protector', 'Phone'})","frozenset({'Charger', 'Power Bank'})",0.104,0.136,0.104,1.0,7.352941176470588,1.0,0.08985599999999999,inf,0.9642857142857142,0.7647058823529411,1.0,0.8823529411764706
"frozenset({'Charger', 'Power Bank'})","frozenset({'Phone Case', 'Screen Protector', 'Phone'})",0.136,0.104,0.104,0.7647058823529411,7.352941176470588,1.0,0.08985599999999999,3.8079999999999994,1.0,0.7647058823529411,0.7373949579831932,0.8823529411764706
"frozenset({'Charger', 'Power Bank'})","frozenset({'Screen Protector', 'Phone'})",0.136,0.104,0.104,0.7647058823529411,7.352941176470588,1.0,0.08985599999999999,3.8079999999999994,1.0,0.7647058823529411,0.7373949579831932,0.8823529411764706
frozenset({'Screen Protector'}),"frozenset({'Charger', 'Power Bank'})",0.104,0.136,0.104,1.0,7.352941176470588,1.0,0.08985599999999999,inf,0.9642857142857142,0.7647058823529411,1.0,0.8823529411764706
"frozenset({'Charger', 'Power Bank'})",frozenset({'Screen Protector'}),0.136,0.104,0.104,0.7647058823529411,7.352941176470588,1.0,0.08985599999999999,3.8079999999999994,1.0,0.7647058823529411,0.7373949579831932,0.8823529411764706
"frozenset({'Screen Protector', 'Phone'})","frozenset({'Charger', 'Power Bank'})",0.104,0.136,0.104,1.0,7.352941176470588,1.0,0.08985599999999999,inf,0.9642857142857142,0.7647058823529411,1.0,0.8823529411764706
"frozenset({'Charger', 'Power Bank'})","frozenset({'Phone Case', 'Screen Protector'})",0.136,0.104,0.104,0.7647058823529411,7.352941176470588,1.0,0.08985599999999999,3.8079999999999994,1.0,0.7647058823529411,0.7373949579831932,0.8823529411764706
frozenset({'Water Bottle'}),frozenset({'Pen'}),0.048,0.14,0.048,1.0,7.142857142857142,1.0,0.04128,inf,0.903361344537815,0.3428571428571428,1.0,0.6714285714285714
"frozenset({'Notebook', 'Water Bottle', 'Backpack'})",frozenset({'Pen'}),0.048,0.14,0.048,1.0,7.142857142857142,1.0,0.04128,inf,0.903361344537815,0.3428571428571428,1.0,0.6714285714285714
"frozenset({'Notebook', 'Water Bottle'})",frozenset({'Pen'}),0.048,0.14,0.048,1.0,7.142857142857142,1.0,0.04128,inf,0.903361344537815,0.3428571428571428,1.0,0.6714285714285714
frozenset({'Water Bottle'}),"frozenset({'Notebook', 'Pen'})",0.048,0.14,0.048,1.0,7.142857142857142,1.0,0.04128,inf,0.903361344537815,0.3428571428571428,1.0,0.6714285714285714
"frozenset({'Desk Lamp', 'Notebook'})",frozenset({'Pen'}),0.092,0.14,0.092,1.0,7.142857142857142,1.0,0.07912,inf,0.9471365638766519,0.657142857142857,1.0,0.8285714285714285
"frozenset({'Desk Lamp', 'Coffee Mug'})","frozenset({'Notebook', 'Pen'})",0.092,0.14,0.092,1.0,7.142857142857142,1.0,0.07912,inf,0.9471365638766519,0.657142857142857,1.0,0.8285714285714285
"frozenset({'Desk Lamp', 'Notebook', 'Coffee Mug'})",frozenset({'Pen'}),0.092,0.14,0.092,1.0,7.142857142857142,1.0,0.07912,inf,0.9471365638766519,0.657142857142857,1.0,0.8285714285714285
"frozenset({'Desk Lamp', 'Coffee Mug'})",frozenset({'Pen'}),0.092,0.14,0.092,1.0,7.142857142857142,1.0,0.07912,inf,0.9471365638766519,0.657142857142857,1.0,0.8285714285714285
frozenset({'Backpack'}),"frozenset({'Notebook', 'Pen'})",0.048,0.14,0.048,1.0,7.142857142857142,1.0,0.04128,inf,0.903361344537815,0.3428571428571428,1.0,0.6714285714285714
"frozenset({'Notebook', 'Coffee Mug'})",frozenset({'Pen'}),0.092,0.14,0.092,1.0,7.142857142857142,1.0,0.07912,inf,0.9471365638766519,0.657142857142857,1.0,0.8285714285714285
frozenset({'Backpack'}),frozenset({'Pen'}),0.048,0.14,0.048,1.0,7.142857142857142,1.0,0.04128,inf,0.903361344537815,0.3428571428571428,1.0,0.6714285714285714
"frozenset({'Water Bottle', 'Backpack'})",frozenset({'Pen'}),0.048,0.14,0.048,1.0,7.142857142857142,1.0,0.04128,inf,0.903361344537815,0.3428571428571428,1.0,0.6714285714285714
"frozenset({'Notebook', 'Backpack'})",frozenset({'Pen'}),0.048,0.14,0.048,1.0,7.142857142857142,1.0,0.04128,inf,0.903361344537815,0.3428571428571428,1.0,0.6714285714285714
"frozenset({'Water Bottle', 'Backpack'})","frozenset({'Notebook', 'Pen'})",0.048,0.14,0.048,1.0,7.142857142857142,1.0,0.04128,inf,0.903361344537815,0.3428571428571428,1.0,0.6714285714285714
frozenset({'Desk Lamp'}),frozenset({'Pen'}),0.092,0.14,0.092,1.0,7.142857142857142,1.0,0.07912,inf,0.9471365638766519,0.657142857142857,1.0,0.8285714285714285
frozenset({'Desk Lamp'}),"frozenset({'Notebook', 'Pen'})",0.092,0.14,0.092,1.0,7.142857142857142,1.0,0.07912,inf,0.9471365638766519,0.657142857142857,1.0,0.8285714285714285
frozenset({'Pen'}),"frozenset({'Desk Lamp', 'Notebook'})",0.14,0.092,0.092,0.657142857142857,7.1428571428571415,1.0,0.07912,2.6483333333333325,1.0,0.657142857142857,0.6224040276903712,0.8285714285714285
"frozenset({'Notebook', 'Pen'})","frozenset({'Desk Lamp', 'Coffee Mug'})",0.14,0.092,0.092,0.657142857142857,7.1428571428571415,1.0,0.07912,2.6483333333333325,1.0,0.657142857142857,0.6224040276903712,0.8285714285714285
"frozenset({'Notebook', 'Pen'})",frozenset({'Desk Lamp'}),0.14,0.092,0.092,0.657142857142857,7.1428571428571415,1.0,0.07912,2.6483333333333325,1.0,0.657142857142857,0.6224040276903712,0.8285714285714285
frozenset({'Pen'}),"frozenset({'Desk Lamp', 'Notebook', 'Coffee Mug'})",0.14,0.092,0.092,0.657142857142857,7.1428571428571415,1.0,0.07912,2.6483333333333325,1.0,0.657142857142857,0.6224040276903712,0.8285714285714285
frozenset({'Pen'}),frozenset({'Desk Lamp'}),0.14,0.092,0.092,0.657142857142857,7.1428571428571415,1.0,0.07912,2.6483333333333325,1.0,0.657142857142857,0.6224040276903712,0.8285714285714285
frozenset({'Pen'}),"frozenset({'Notebook', 'Coffee Mug'})",0.14,0.092,0.092,0.657142857142857,7.1428571428571415,1.0,0.07912,2.6483333333333325,1.0,0.657142857142857,0.6224040276903712,0.8285714285714285
frozenset({'Pen'}),"frozenset({'Desk Lamp', 'Coffee Mug'})",0.14,0.092,0.092,0.657142857142857,7.1428571428571415,1.0,0.07912,2.6483333333333325,1.0,0.657142857142857,0.6224040276903712,0.8285714285714285
"frozenset({'HDMI Cable', 'Keyboard'})","frozenset({'Monitor', 'USB Hub'})",0.144,0.088,0.088,0.6111111111111112,6.9444444444444455,1.0,0.07532799999999999,2.3451428571428576,1.0,0.6111111111111112,0.5735867446393763,0.8055555555555556
"frozenset({'Mouse', 'Monitor'})","frozenset({'HDMI Cable', 'Keyboard', 'USB Hub'})",0.144,0.088,0.088,0.6111111111111112,6.9444444444444455,1.0,0.07532799999999999,2.3451428571428576,1.0,0.6111111111111112,0.5735867446393763,0.8055555555555556
frozenset({'Monitor'}),"frozenset({'HDMI Cable', 'Keyboard', 'Mouse', 'USB Hub'})",0.144,0.088,0.088,0.6111111111111112,6.9444444444444455,1.0,0.07532799999999999,2.3451428571428576,1.0,0.6111111111111112,0.5735867446393763,0.8055555555555556
"frozenset({'HDMI Cable', 'Keyboard', 'Mouse'})","frozenset({'Monitor', 'USB Hub'})",0.144,0.088,0.088,0.6111111111111112,6.9444444444444455,1.0,0.07532799999999999,2.3451428571428576,1.0,0.6111111111111112,0.5735867446393763,0.8055555555555556
frozenset({'Monitor'}),"frozenset({'HDMI Cable', 'Keyboard', 'USB Hub'})",0.144,0.088,0.088,0.6111111111111112,6.9444444444444455,1.0,0.07532799999999999,2.3451428571428576,1.0,0.6111111111111112,0.5735867446393763,0.8055555555555556
"frozenset({'HDMI Cable', 'Keyboard'})","frozenset({'Mouse', 'Monitor', 'USB Hub'})",0.144,0.088,0.088,0.6111111111111112,6.9444444444444455,1.0,0.07532799999999999,2.3451428571428576,1.0,0.6111111111111112,0.5735867446393763,0.8055555555555556
"frozenset({'HDMI Cable', 'Keyboard', 'Mouse', 'USB Hub'})",frozenset({'Monitor'}),0.088,0.144,0.088,1.0,6.944444444444445,1.0,0.07532799999999999,inf,0.9385964912280701,0.6111111111111112,1.0,0.8055555555555556
"frozenset({'HDMI Cable', 'Keyboard'})",frozenset({'Monitor'}),0.144,0.144,0.144,1.0,6.944444444444445,1.0,0.12326399999999998,inf,1.0,1.0,1.0,1.0
"frozenset({'HDMI Cable', 'Keyboard'})","frozenset({'Mouse', 'Monitor'})",0.144,0.144,0.144,1.0,6.944444444444445,1.0,0.12326399999999998,inf,1.0,1.0,1.0,1.0
"frozenset({'HDMI Cable', 'Keyboard', 'USB Hub'})","frozenset({'Mouse', 'Monitor'})",0.088,0.144,0.088,1.0,6.944444444444445,1.0,0.07532799999999999,inf,0.9385964912280701,0.6111111111111112,1.0,0.8055555555555556
"frozenset({'HDMI Cable', 'Keyboard', 'Mouse'})",frozenset({'Monitor'}),0.144,0.144,0.144,1.0,6.944444444444445,1.0,0.12326399999999998,inf,1.0,1.0,1.0,1.0
"frozenset({'Laptop', 'Monitor', 'Mouse'})","frozenset({'HDMI Cable', 'Keyboard'})",0.056,0.144,0.056,1.0,6.944444444444445,1.0,0.047936,inf,0.9067796610169491,0.38888888888888895,1.0,0.6944444444444444
"frozenset({'Laptop', 'Monitor'})","frozenset({'HDMI Cable', 'Keyboard', 'Mouse'})",0.056,0.144,0.056,1.0,6.944444444444445,1.0,0.047936,inf,0.9067796610169491,0.38888888888888895,1.0,0.6944444444444444
"frozenset({'Mouse', 'Monitor', 'USB Hub'})","frozenset({'HDMI Cable', 'Keyboard'})",0.088,0.144,0.088,1.0,6.944444444444445,1.0,0.07532799999999999,inf,0.9385964912280701,0.6111111111111112,1.0,0.8055555555555556
"frozenset({'HDMI Cable', 'Keyboard', 'Laptop'})","frozenset({'Mouse', 'Monitor'})",0.056,0.144,0.056,1.0,6.944444444444445,1.0,0.047936,inf,0.9067796610169491,0.38888888888888895,1.0,0.6944444444444444
"frozenset({'HDMI Cable', 'Keyboard', 'Laptop', 'Mouse'})",frozenset({'Monitor'}),0.056,0.144,0.056,1.0,6.944444444444445,1.0,0.047936,inf,0.9067796610169491,0.38888888888888895,1.0,0.6944444444444444
"frozenset({'Monitor', 'USB Hub'})","frozenset({'HDMI Cable', 'Keyboard'})",0.088,0.144,0.088,1.0,6.944444444444445,1.0,0.07532799999999999,inf,0.9385964912280701,0.6111111111111112,1.0,0.8055555555555556
frozenset({'Monitor'}),"frozenset({'HDMI Cable', 'Keyboard'})",0.144,0.144,0.144,1.0,6.944444444444445,1.0,0.12326399999999998,inf,1.0,1.0,1.0,1.0
"frozenset({'HDMI Cable', 'Keyboard', 'USB Hub'})",frozenset({'Monitor'}),0.088,0.144,0.088,1.0,6.944444444444445,1.0,0.07532799999999999,inf,0.9385964912280701,0.6111111111111112,1.0,0.8055555555555556
"frozenset({'Monitor', 'USB Hub'})","frozenset({'HDMI Cable', 'Keyboard', 'Mouse'})",0.088,0.144,0.088,1.0,6.944444444444445,1.0,0.07532799999999999,inf,0.9385964912280701,0.6111111111111112,1.0,0.8055555555555556
"frozenset({'Mouse', 'Monitor'})","frozenset({'HDMI Cable', 'Keyboard'})",0.144,0.144,0.144,1.0,6.944444444444445,1.0,0.12326399999999998,inf,1.0,1.0,1.0,1.0
"frozenset({'HDMI Cable', 'Keyboard', 'Laptop'})",frozenset({'Monitor'}),0.056,0.144,0.056,1.0,6.944444444444445,1.0,0.047936,inf,0.9067796610169491,0.38888888888888895,1.0,0.6944444444444444
"frozenset({'Laptop', 'Monitor'})","frozenset({'HDMI Cable', 'Keyboard'})",0.056,0.144,0.056,1.0,6.944444444444445,1.0,0.047936,inf,0.9067796610169491,0.38888888888888895,1.0,0.6944444444444444
frozenset({'Monitor'}),"frozenset({'HDMI Cable', 'Keyboard', 'Mouse'})",0.144,0.144,0.144,1.0,6.944444444444445,1.0,0.12326399999999998,inf,1.0,1.0,1.0,1.0
"frozenset({'Headphones', 'USB Hub'})",frozenset({'Webcam'}),0.104,0.124,0.088,0.8461538461538461,6.823821339950372,1.0,0.07510399999999999,5.694,0.9525162337662336,0.6285714285714286,0.8243765367053039,0.7779156327543424
frozenset({'Webcam'}),"frozenset({'Headphones', 'USB Hub'})",0.124,0.104,0.088,0.7096774193548386,6.8238213399503715,1.0,0.07510399999999999,3.0862222222222213,0.9742631797426318,0.6285714285714286,0.6759792626728109,0.7779156327543424
"frozenset({'Laptop Bag', 'Mouse', 'USB Hub'})","frozenset({'Keyboard', 'Laptop'})",0.088,0.14,0.084,0.9545454545454547,6.818181818181818,1.0,0.07168000000000001,18.920000000000062,0.935672514619883,0.5833333333333333,0.9471458773784357,0.7772727272727273
"frozenset({'Keyboard', 'Laptop', 'Mouse'})","frozenset({'Laptop Bag', 'USB Hub'})",0.14,0.088,0.084,0.6,6.818181818181818,1.0,0.07168000000000001,2.28,0.992248062015504,0.5833333333333333,0.5614035087719298,0.7772727272727273
"frozenset({'Laptop Bag', 'USB Hub'})","frozenset({'Keyboard', 'Laptop'})",0.088,0.14,0.084,0.9545454545454547,6.818181818181818,1.0,0.07168000000000001,18.920000000000062,0.935672514619883,0.5833333333333333,0.9471458773784357,0.7772727272727273
"frozenset({'Keyboard', 'Laptop'})","frozenset({'Laptop Bag', 'USB Hub'})",0.14,0.088,0.084,0.6,6.818181818181818,1.0,0.07168000000000001,2.28,0.992248062015504,0.5833333333333333,0.5614035087719298,0.7772727272727273
"frozenset({'Keyboard', 'Laptop'})","frozenset({'Laptop Bag', 'Mouse', 'USB Hub'})",0.14,0.088,0.084,0.6,6.818181818181818,1.0,0.07168000000000001,2.28,0.992248062015504,0.5833333333333333,0.5614035087719298,0.7772727272727273
"frozenset({'Laptop Bag', 'USB Hub'})","frozenset({'Keyboard', 'Laptop', 'Mouse'})",0.088,0.14,0.084,0.9545454545454547,6.818181818181818,1.0,0.07168000000000001,18.920000000000062,0.935672514619883,0.5833333333333333,0.9471458773784357,0.7772727272727273
"frozenset({'Charger', 'Tablet Cover'})",frozenset({'Earphones'}),0.076,0.148,0.076,1.0,6.756756756756757,1.0,0.064752,inf,0.9220779220779222,0.5135135135135136,1.0,0.7567567567567568
"frozenset({'Tablet', 'Tablet Cover'})",frozenset({'Earphones'}),0.076,0.148,0.076,1.0,6.756756756756757,1.0,0.064752,inf,0.9220779220779222,0.5135135135135136,1.0,0.7567567567567568
"frozenset({'Tablet', 'Charger'})",frozenset({'Earphones'}),0.076,0.148,0.076,1.0,6.756756756756757,1.0,0.064752,inf,0.9220779220779222,0.5135135135135136,1.0,0.7567567567567568
frozenset({'Tablet'}),frozenset({'Earphones'}),0.076,0.148,0.076,1.0,6.756756756756757,1.0,0.064752,inf,0.9220779220779222,0.5135135135135136,1.0,0.7567567567567568
"frozenset({'Tablet', 'Charger', 'Tablet Cover'})",frozenset({'Earphones'}),0.076,0.148,0.076,1.0,6.756756756756757,1.0,0.064752,inf,0.9220779220779222,0.5135135135135136,1.0,0.7567567567567568
frozenset({'Tablet Cover'}),frozenset({'Earphones'}),0.076,0.148,0.076,1.0,6.756756756756757,1.0,0.064752,inf,0.9220779220779222,0.5135135135135136,1.0,0.7567567567567568
frozenset({'Earphones'}),frozenset({'Tablet Cover'}),0.148,0.076,0.076,0.5135135135135135,6.756756756756756,1.0,0.064752,1.8993333333333333,1.0000000000000002,0.5135135135135136,0.4734994734994734,0.7567567567567568
frozenset({'Earphones'}),"frozenset({'Tablet', 'Tablet Cover'})",0.148,0.076,0.076,0.5135135135135135,6.756756756756756,1.0,0.064752,1.8993333333333333,1.0000000000000002,0.5135135135135136,0.4734994734994734,0.7567567567567568
frozenset({'Earphones'}),frozenset({'Tablet'}),0.148,0.076,0.076,0.5135135135135135,6.756756756756756,1.0,0.064752,1.8993333333333333,1.0000000000000002,0.5135135135135136,0.4734994734994734,0.7567567567567568
frozenset({'Earphones'}),"frozenset({'Tablet', 'Charger'})",0.148,0.076,0.076,0.5135135135135135,6.756756756756756,1.0,0.064752,1.8993333333333333,1.0000000000000002,0.5135135135135136,0.4734994734994734,0.7567567567567568
frozenset({'Earphones'}),"frozenset({'Charger', 'Tablet Cover'})",0.148,0.076,0.076,0.5135135135135135,6.756756756756756,1.0,0.064752,1.8993333333333333,1.0000000000000002,0.5135135135135136,0.4734994734994734,0.7567567567567568
frozenset({'Earphones'}),"frozenset({'Tablet', 'Charger', 'Tablet Cover'})",0.148,0.076,0.076,0.5135135135135135,6.756756756756756,1.0,0.064752,1.8993333333333333,1.0000000000000002,0.5135135135135136,0.4734994734994734,0.7567567567567568
"frozenset({'Keyboard', 'Monitor'})","frozenset({'HDMI Cable', 'USB Hub'})",0.144,0.092,0.088,0.6111111111111112,6.642512077294687,1.0,0.074752,2.3348571428571434,0.9923534409515719,0.5945945945945946,0.5717082721488008,0.7838164251207729
"frozenset({'Keyboard', 'Mouse', 'Monitor'})","frozenset({'HDMI Cable', 'USB Hub'})",0.144,0.092,0.088,0.6111111111111112,6.642512077294687,1.0,0.074752,2.3348571428571434,0.9923534409515719,0.5945945945945946,0.5717082721488008,0.7838164251207729
frozenset({'Monitor'}),"frozenset({'HDMI Cable', 'Mouse', 'USB Hub'})",0.144,0.092,0.088,0.6111111111111112,6.642512077294687,1.0,0.074752,2.3348571428571434,0.9923534409515719,0.5945945945945946,0.5717082721488008,0.7838164251207729
frozenset({'Monitor'}),"frozenset({'HDMI Cable', 'USB Hub'})",0.144,0.092,0.088,0.6111111111111112,6.642512077294687,1.0,0.074752,2.3348571428571434,0.9923534409515719,0.5945945945945946,0.5717082721488008,0.7838164251207729
"frozenset({'Mouse', 'Monitor'})","frozenset({'HDMI Cable', 'USB Hub'})",0.144,0.092,0.088,0.6111111111111112,6.642512077294687,1.0,0.074752,2.3348571428571434,0.9923534409515719,0.5945945945945946,0.5717082721488008,0.7838164251207729
"frozenset({'Keyboard', 'Monitor'})","frozenset({'HDMI Cable', 'Mouse', 'USB Hub'})",0.144,0.092,0.088,0.6111111111111112,6.642512077294687,1.0,0.074752,2.3348571428571434,0.9923534409515719,0.5945945945945946,0.5717082721488008,0.7838164251207729
"frozenset({'HDMI Cable', 'USB Hub'})","frozenset({'Keyboard', 'Mouse', 'Monitor'})",0.092,0.144,0.088,0.9565217391304347,6.642512077294686,1.0,0.074752,19.687999999999963,0.935522627152583,0.5945945945945946,0.9492076391710685,0.7838164251207729
"frozenset({'HDMI Cable', 'USB Hub'})","frozenset({'Mouse', 'Monitor'})",0.092,0.144,0.088,0.9565217391304347,6.642512077294686,1.0,0.074752,19.687999999999963,0.935522627152583,0.5945945945945946,0.9492076391710685,0.7838164251207729
"frozenset({'HDMI Cable', 'Mouse', 'USB Hub'})",frozenset({'Monitor'}),0.092,0.144,0.088,0.9565217391304347,6.642512077294686,1.0,0.074752,19.687999999999963,0.935522627152583,0.5945945945945946,0.9492076391710685,0.7838164251207729
"frozenset({'HDMI Cable', 'Mouse', 'USB Hub'})","frozenset({'Keyboard', 'Monitor'})",0.092,0.144,0.088,0.9565217391304347,6.642512077294686,1.0,0.074752,19.687999999999963,0.935522627152583,0.5945945945945946,0.9492076391710685,0.7838164251207729
"frozenset({'HDMI Cable', 'USB Hub'})",frozenset({'Monitor'}),0.092,0.144,0.088,0.9565217391304347,6.642512077294686,1.0,0.074752,19.687999999999963,0.935522627152583,0.5945945945945946,0.9492076391710685,0.7838164251207729
"frozenset({'HDMI Cable', 'USB Hub'})","frozenset({'Keyboard', 'Monitor'})",0.092,0.144,0.088,0.9565217391304347,6.642512077294686,1.0,0.074752,19.687999999999963,0.935522627152583,0.5945945945945946,0.9492076391710685,0.7838164251207729
"frozenset({'Phone Case', 'Phone'})","frozenset({'Charger', 'Power Bank'})",0.116,0.136,0.104,0.8965517241379309,6.592292089249492,1.0,0.088224,8.351999999999991,0.959624086320919,0.7027027027027025,0.8802681992337164,0.8306288032454361
"frozenset({'Charger', 'Power Bank'})","frozenset({'Phone Case', 'Phone'})",0.136,0.116,0.104,0.7647058823529411,6.592292089249492,1.0,0.088224,3.7569999999999992,0.9818376068376069,0.7027027027027025,0.7338301836571732,0.8306288032454361
"frozenset({'Webcam', 'USB Hub'})",frozenset({'Headphones'}),0.088,0.156,0.088,1.0,6.410256410256411,1.0,0.07427199999999999,inf,0.9254385964912281,0.5641025641025641,1.0,0.782051282051282
frozenset({'Headphones'}),"frozenset({'Webcam', 'USB Hub'})",0.156,0.088,0.088,0.5641025641025641,6.410256410256411,1.0,0.07427199999999999,2.092235294117647,1.0,0.5641025641025641,0.5220422852001799,0.782051282051282
frozenset({'Phone Case'}),"frozenset({'Charger', 'Power Bank', 'Phone'})",0.132,0.124,0.104,0.7878787878787878,6.35386119257087,1.0,0.08763199999999999,4.129714285714285,0.9707550514002127,0.6842105263157894,0.7578524975785249,0.8132942326490713
"frozenset({'Charger', 'Power Bank', 'Phone'})",frozenset({'Phone Case'}),0.124,0.132,0.104,0.8387096774193548,6.353861192570869,1.0,0.08763199999999999,5.381599999999997,0.9618897084650508,0.6842105263157894,0.8141816560130816,0.8132942326490713
frozenset({'Phone Case'}),"frozenset({'Charger', 'Power Bank'})",0.132,0.136,0.104,0.7878787878787878,5.793226381461675,1.0,0.08604799999999999,4.073142857142856,0.9532080822403403,0.6341463414634144,0.7544893378226711,0.7762923351158645
"frozenset({'Charger', 'Power Bank'})",frozenset({'Phone Case'}),0.136,0.132,0.104,0.7647058823529411,5.793226381461675,1.0,0.08604799999999999,3.688999999999999,0.9576210826210826,0.6341463414634144,0.7289238275955543,0.7762923351158645
"frozenset({'Headphones', 'Laptop'})","frozenset({'Laptop Bag', 'Mouse'})",0.02,0.18,0.02,1.0,5.555555555555555,1.0,0.0164,inf,0.8367346938775512,0.11111111111111112,1.0,0.5555555555555556
"frozenset({'Laptop Bag', 'Keyboard'})","frozenset({'Mouse', 'USB Hub'})",0.084,0.18,0.084,1.0,5.555555555555555,1.0,0.06888000000000001,inf,0.8951965065502183,0.46666666666666673,1.0,0.7333333333333334
"frozenset({'Keyboard', 'Laptop', 'USB Hub'})","frozenset({'Laptop Bag', 'Mouse'})",0.084,0.18,0.084,1.0,5.555555555555555,1.0,0.06888000000000001,inf,0.8951965065502183,0.46666666666666673,1.0,0.7333333333333334
"frozenset({'Laptop Bag', 'Keyboard', 'Laptop'})","frozenset({'Mouse', 'USB Hub'})",0.084,0.18,0.084,1.0,5.555555555555555,1.0,0.06888000000000001,inf,0.8951965065502183,0.46666666666666673,1.0,0.7333333333333334
"frozenset({'Mouse', 'Laptop', 'USB Hub'})",frozenset({'Laptop Bag'}),0.088,0.18,0.088,1.0,5.555555555555555,1.0,0.07216,inf,0.899122807017544,0.4888888888888888,1.0,0.7444444444444445
"frozenset({'Headphones', 'Laptop'})",frozenset({'Laptop Bag'}),0.02,0.18,0.02,1.0,5.555555555555555,1.0,0.0164,inf,0.8367346938775512,0.11111111111111112,1.0,0.5555555555555556
"frozenset({'Headphones', 'Laptop', 'Mouse'})",frozenset({'Laptop Bag'}),0.02,0.18,0.02,1.0,5.555555555555555,1.0,0.0164,inf,0.8367346938775512,0.11111111111111112,1.0,0.5555555555555556
"frozenset({'Mouse', 'Keyboard', 'Laptop', 'USB Hub'})",frozenset({'Laptop Bag'}),0.084,0.18,0.084,1.0,5.555555555555555,1.0,0.06888000000000001,inf,0.8951965065502183,0.46666666666666673,1.0,0.7333333333333334
"frozenset({'Laptop', 'USB Hub'})","frozenset({'Laptop Bag', 'Mouse'})",0.088,0.18,0.088,1.0,5.555555555555555,1.0,0.07216,inf,0.899122807017544,0.4888888888888888,1.0,0.7444444444444445
"frozenset({'Keyboard', 'Laptop', 'USB Hub'})",frozenset({'Laptop Bag'}),0.084,0.18,0.084,1.0,5.555555555555555,1.0,0.06888000000000001,inf,0.8951965065502183,0.46666666666666673,1.0,0.7333333333333334
"frozenset({'Laptop', 'USB Hub'})",frozenset({'Laptop Bag'}),0.088,0.18,0.088,1.0,5.555555555555555,1.0,0.07216,inf,0.899122807017544,0.4888888888888888,1.0,0.7444444444444445
frozenset({'Coffee Mug'}),"frozenset({'Notebook', 'Pen'})",0.12,0.14,0.092,0.7666666666666667,5.476190476190476,1.0,0.07519999999999999,3.6857142857142864,0.9288537549407113,0.5476190476190476,0.7286821705426357,0.7119047619047618
frozenset({'Coffee Mug'}),frozenset({'Pen'}),0.12,0.14,0.092,0.7666666666666667,5.476190476190476,1.0,0.07519999999999999,3.6857142857142864,0.9288537549407113,0.5476190476190476,0.7286821705426357,0.7119047619047618
frozenset({'Pen'}),frozenset({'Coffee Mug'}),0.14,0.12,0.092,0.657142857142857,5.476190476190475,1.0,0.07519999999999999,2.566666666666666,0.9504550050556116,0.5476190476190476,0.6103896103896103,0.7119047619047618
"frozenset({'Notebook', 'Pen'})",frozenset({'Coffee Mug'}),0.14,0.12,0.092,0.657142857142857,5.476190476190475,1.0,0.07519999999999999,2.566666666666666,0.9504550050556116,0.5476190476190476,0.6103896103896103,0.7119047619047618
"frozenset({'Water Bottle', 'Pen'})",frozenset({'Notebook'}),0.048,0.188,0.048,1.0,5.319148936170213,1.0,0.038976,inf,0.8529411764705882,0.2553191489361702,1.0,0.6276595744680851
"frozenset({'Water Bottle', 'Backpack'})",frozenset({'Notebook'}),0.048,0.188,0.048,1.0,5.319148936170213,1.0,0.038976,inf,0.8529411764705882,0.2553191489361702,1.0,0.6276595744680851
"frozenset({'Water Bottle', 'Pen', 'Backpack'})",frozenset({'Notebook'}),0.048,0.188,0.048,1.0,5.319148936170213,1.0,0.038976,inf,0.8529411764705882,0.2553191489361702,1.0,0.6276595744680851
frozenset({'Backpack'}),frozenset({'Notebook'}),0.048,0.188,0.048,1.0,5.319148936170213,1.0,0.038976,inf,0.8529411764705882,0.2553191489361702,1.0,0.6276595744680851
"frozenset({'Pen', 'Coffee Mug'})",frozenset({'Notebook'}),0.092,0.188,0.092,1.0,5.319148936170213,1.0,0.07470399999999999,inf,0.8942731277533039,0.4893617021276595,1.0,0.7446808510638298
"frozenset({'Desk Lamp', 'Coffee Mug'})",frozenset({'Notebook'}),0.092,0.188,0.092,1.0,5.319148936170213,1.0,0.07470399999999999,inf,0.8942731277533039,0.4893617021276595,1.0,0.7446808510638298
"frozenset({'Desk Lamp', 'Pen', 'Coffee Mug'})",frozenset({'Notebook'}),0.092,0.188,0.092,1.0,5.319148936170213,1.0,0.07470399999999999,inf,0.8942731277533039,0.4893617021276595,1.0,0.7446808510638298
frozenset({'Desk Lamp'}),frozenset({'Notebook'}),0.092,0.188,0.092,1.0,5.319148936170213,1.0,0.07470399999999999,inf,0.8942731277533039,0.4893617021276595,1.0,0.7446808510638298
"frozenset({'Desk Lamp', 'Pen'})",frozenset({'Notebook'}),0.092,0.188,0.092,1.0,5.319148936170213,1.0,0.07470399999999999,inf,0.8942731277533039,0.4893617021276595,1.0,0.7446808510638298
frozenset({'Notebook'}),frozenset({'Pen'}),0.188,0.14,0.14,0.7446808510638299,5.319148936170213,1.0,0.11368,3.368333333333334,0.9999999999999999,0.7446808510638299,0.7031172686788719,0.8723404255319149
frozenset({'Water Bottle'}),frozenset({'Notebook'}),0.048,0.188,0.048,1.0,5.319148936170213,1.0,0.038976,inf,0.8529411764705882,0.2553191489361702,1.0,0.6276595744680851
"frozenset({'Pen', 'Backpack'})",frozenset({'Notebook'}),0.048,0.188,0.048,1.0,5.319148936170213,1.0,0.038976,inf,0.8529411764705882,0.2553191489361702,1.0,0.6276595744680851
frozenset({'Pen'}),frozenset({'Notebook'}),0.14,0.188,0.14,1.0,5.319148936170213,1.0,0.11368,inf,0.9441860465116279,0.7446808510638299,1.0,0.8723404255319149
"frozenset({'Power Bank', 'Phone'})",frozenset({'Screen Protector'}),0.192,0.104,0.104,0.5416666666666666,5.208333333333333,1.0,0.084032,1.9549090909090907,1.0,0.5416666666666666,0.48846726190476186,0.7708333333333333
"frozenset({'Phone Case', 'Screen Protector'})","frozenset({'Power Bank', 'Phone'})",0.104,0.192,0.104,1.0,5.208333333333333,1.0,0.084032,inf,0.9017857142857142,0.5416666666666666,1.0,0.7708333333333333
"frozenset({'Phone', 'Power Bank'})","frozenset({'Charger', 'Screen Protector', 'Phone Case'})",0.192,0.104,0.104,0.5416666666666666,5.208333333333333,1.0,0.084032,1.9549090909090907,1.0,0.5416666666666666,0.48846726190476186,0.7708333333333333
"frozenset({'Power Bank', 'Phone'})","frozenset({'Charger', 'Screen Protector'})",0.192,0.104,0.104,0.5416666666666666,5.208333333333333,1.0,0.084032,1.9549090909090907,1.0,0.5416666666666666,0.48846726190476186,0.7708333333333333
"frozenset({'Charger', 'Screen Protector'})","frozenset({'Power Bank', 'Phone'})",0.104,0.192,0.104,1.0,5.208333333333333,1.0,0.084032,inf,0.9017857142857142,0.5416666666666666,1.0,0.7708333333333333
"frozenset({'Power Bank', 'Phone'})","frozenset({'Phone Case', 'Screen Protector'})",0.192,0.104,0.104,0.5416666666666666,5.208333333333333,1.0,0.084032,1.9549090909090907,1.0,0.5416666666666666,0.48846726190476186,0.7708333333333333
"frozenset({'Charger', 'Screen Protector', 'Phone Case'})","frozenset({'Phone', 'Power Bank'})",0.104,0.192,0.104,1.0,5.208333333333333,1.0,0.084032,inf,0.9017857142857142,0.5416666666666666,1.0,0.7708333333333333
frozenset({'Screen Protector'}),"frozenset({'Power Bank', 'Phone'})",0.104,0.192,0.104,1.0,5.208333333333333,1.0,0.084032,inf,0.9017857142857142,0.5416666666666666,1.0,0.7708333333333333
"frozenset({'Power Bank', 'Phone'})","frozenset({'Phone Case', 'Charger'})",0.192,0.116,0.104,0.5416666666666666,4.669540229885057,1.0,0.081728,1.9287272727272726,0.9725818735719726,0.5098039215686274,0.48152337858220207,0.7191091954022988
"frozenset({'Phone Case', 'Charger'})","frozenset({'Power Bank', 'Phone'})",0.116,0.192,0.104,0.8965517241379309,4.669540229885057,1.0,0.081728,7.81066666666666,0.888966237382527,0.5098039215686274,0.871969955616251,0.7191091954022988
"frozenset({'Charger', 'Screen Protector'})",frozenset({'Power Bank'}),0.104,0.216,0.104,1.0,4.62962962962963,1.0,0.081536,inf,0.8749999999999999,0.4814814814814814,1.0,0.7407407407407407
"frozenset({'Screen Protector', 'Phone Case', 'Charger'})",frozenset({'Power Bank'}),0.104,0.216,0.104,1.0,4.62962962962963,1.0,0.081536,inf,0.8749999999999999,0.4814814814814814,1.0,0.7407407407407407
"frozenset({'Screen Protector', 'Phone'})",frozenset({'Power Bank'}),0.104,0.216,0.104,1.0,4.62962962962963,1.0,0.081536,inf,0.8749999999999999,0.4814814814814814,1.0,0.7407407407407407
frozenset({'Screen Protector'}),frozenset({'Power Bank'}),0.104,0.216,0.104,1.0,4.62962962962963,1.0,0.081536,inf,0.8749999999999999,0.4814814814814814,1.0,0.7407407407407407
"frozenset({'Charger', 'Screen Protector', 'Phone Case', 'Phone'})",frozenset({'Power Bank'}),0.104,0.216,0.104,1.0,4.62962962962963,1.0,0.081536,inf,0.8749999999999999,0.4814814814814814,1.0,0.7407407407407407
"frozenset({'Charger', 'Screen Protector', 'Phone'})",frozenset({'Power Bank'}),0.104,0.216,0.104,1.0,4.62962962962963,1.0,0.081536,inf,0.8749999999999999,0.4814814814814814,1.0,0.7407407407407407
"frozenset({'Phone Case', 'Screen Protector', 'Phone'})",frozenset({'Power Bank'}),0.104,0.216,0.104,1.0,4.62962962962963,1.0,0.081536,inf,0.8749999999999999,0.4814814814814814,1.0,0.7407407407407407
"frozenset({'Phone Case', 'Screen Protector'})",frozenset({'Power Bank'}),0.104,0.216,0.104,1.0,4.62962962962963,1.0,0.081536,inf,0.8749999999999999,0.4814814814814814,1.0,0.7407407407407407
"frozenset({'Earphones', 'Phone'})",frozenset({'Power Bank'}),0.072,0.216,0.072,1.0,4.62962962962963,1.0,0.056448,inf,0.8448275862068966,0.33333333333333337,1.0,0.6666666666666666
frozenset({'Headphones'}),frozenset({'Webcam'}),0.156,0.124,0.088,0.5641025641025641,4.549214226633581,1.0,0.068656,2.0096470588235293,0.9243860404997846,0.4583333333333332,0.5024001873316942,0.6368899917287014
frozenset({'Webcam'}),frozenset({'Headphones'}),0.124,0.156,0.088,0.7096774193548386,4.549214226633581,1.0,0.068656,2.90711111111111,0.8906185139061852,0.4583333333333332,0.6560158997095245,0.6368899917287014
frozenset({'Keyboard'}),"frozenset({'Mouse', 'Monitor'})",0.228,0.144,0.144,0.631578947368421,4.385964912280702,1.0,0.11116799999999999,2.323428571428571,1.0,0.631578947368421,0.5696015740285292,0.8157894736842105
frozenset({'Keyboard'}),"frozenset({'HDMI Cable', 'Monitor'})",0.228,0.144,0.144,0.631578947368421,4.385964912280702,1.0,0.11116799999999999,2.323428571428571,1.0,0.631578947368421,0.5696015740285292,0.8157894736842105
frozenset({'Keyboard'}),frozenset({'Monitor'}),0.228,0.144,0.144,0.631578947368421,4.385964912280702,1.0,0.11116799999999999,2.323428571428571,1.0,0.631578947368421,0.5696015740285292,0.8157894736842105
"frozenset({'Keyboard', 'Mouse'})","frozenset({'HDMI Cable', 'Monitor'})",0.228,0.144,0.144,0.631578947368421,4.385964912280702,1.0,0.11116799999999999,2.323428571428571,1.0,0.631578947368421,0.5696015740285292,0.8157894736842105
frozenset({'Keyboard'}),"frozenset({'HDMI Cable', 'Mouse', 'Monitor'})",0.228,0.144,0.144,0.631578947368421,4.385964912280702,1.0,0.11116799999999999,2.323428571428571,1.0,0.631578947368421,0.5696015740285292,0.8157894736842105
"frozenset({'Keyboard', 'Mouse'})",frozenset({'Monitor'}),0.228,0.144,0.144,0.631578947368421,4.385964912280702,1.0,0.11116799999999999,2.323428571428571,1.0,0.631578947368421,0.5696015740285292,0.8157894736842105
frozenset({'Monitor'}),"frozenset({'Keyboard', 'Mouse'})",0.144,0.228,0.144,1.0,4.385964912280701,1.0,0.11116799999999999,inf,0.9018691588785047,0.631578947368421,1.0,0.8157894736842105
"frozenset({'HDMI Cable', 'Mouse', 'Monitor', 'USB Hub'})",frozenset({'Keyboard'}),0.088,0.228,0.088,1.0,4.385964912280701,1.0,0.067936,inf,0.8464912280701754,0.38596491228070173,1.0,0.6929824561403508
"frozenset({'HDMI Cable', 'Monitor', 'USB Hub'})","frozenset({'Keyboard', 'Mouse'})",0.088,0.228,0.088,1.0,4.385964912280701,1.0,0.067936,inf,0.8464912280701754,0.38596491228070173,1.0,0.6929824561403508
"frozenset({'Mouse', 'Monitor'})",frozenset({'Keyboard'}),0.144,0.228,0.144,1.0,4.385964912280701,1.0,0.11116799999999999,inf,0.9018691588785047,0.631578947368421,1.0,0.8157894736842105
"frozenset({'HDMI Cable', 'Monitor'})","frozenset({'Keyboard', 'Mouse'})",0.144,0.228,0.144,1.0,4.385964912280701,1.0,0.11116799999999999,inf,0.9018691588785047,0.631578947368421,1.0,0.8157894736842105
"frozenset({'HDMI Cable', 'Monitor'})",frozenset({'Keyboard'}),0.144,0.228,0.144,1.0,4.385964912280701,1.0,0.11116799999999999,inf,0.9018691588785047,0.631578947368421,1.0,0.8157894736842105
"frozenset({'HDMI Cable', 'Monitor', 'USB Hub'})",frozenset({'Keyboard'}),0.088,0.228,0.088,1.0,4.385964912280701,1.0,0.067936,inf,0.8464912280701754,0.38596491228070173,1.0,0.6929824561403508
"frozenset({'Monitor', 'USB Hub'})",frozenset({'Keyboard'}),0.088,0.228,0.088,1.0,4.385964912280701,1.0,0.067936,inf,0.8464912280701754,0.38596491228070173,1.0,0.6929824561403508
"frozenset({'Laptop', 'Monitor'})",frozenset({'Keyboard'}),0.056,0.228,0.056,1.0,4.385964912280701,1.0,0.043232,inf,0.8177966101694915,0.24561403508771926,1.0,0.6228070175438596
"frozenset({'HDMI Cable', 'Laptop', 'Monitor'})","frozenset({'Keyboard', 'Mouse'})",0.056,0.228,0.056,1.0,4.385964912280701,1.0,0.043232,inf,0.8177966101694915,0.24561403508771926,1.0,0.6228070175438596
frozenset({'Monitor'}),frozenset({'Keyboard'}),0.144,0.228,0.144,1.0,4.385964912280701,1.0,0.11116799999999999,inf,0.9018691588785047,0.631578947368421,1.0,0.8157894736842105
"frozenset({'HDMI Cable', 'Mouse', 'Monitor'})",frozenset({'Keyboard'}),0.144,0.228,0.144,1.0,4.385964912280701,1.0,0.11116799999999999,inf,0.9018691588785047,0.631578947368421,1.0,0.8157894736842105
"frozenset({'Mouse', 'Monitor', 'USB Hub'})",frozenset({'Keyboard'}),0.088,0.228,0.088,1.0,4.385964912280701,1.0,0.067936,inf,0.8464912280701754,0.38596491228070173,1.0,0.6929824561403508
"frozenset({'Monitor', 'USB Hub'})","frozenset({'Keyboard', 'Mouse'})",0.088,0.228,0.088,1.0,4.385964912280701,1.0,0.067936,inf,0.8464912280701754,0.38596491228070173,1.0,0.6929824561403508
"frozenset({'HDMI Cable', 'Laptop', 'Monitor', 'Mouse'})",frozenset({'Keyboard'}),0.056,0.228,0.056,1.0,4.385964912280701,1.0,0.043232,inf,0.8177966101694915,0.24561403508771926,1.0,0.6228070175438596
"frozenset({'Laptop', 'Monitor', 'Mouse'})",frozenset({'Keyboard'}),0.056,0.228,0.056,1.0,4.385964912280701,1.0,0.043232,inf,0.8177966101694915,0.24561403508771926,1.0,0.6228070175438596
"frozenset({'HDMI Cable', 'Laptop', 'Monitor'})",frozenset({'Keyboard'}),0.056,0.228,0.056,1.0,4.385964912280701,1.0,0.043232,inf,0.8177966101694915,0.24561403508771926,1.0,0.6228070175438596
"frozenset({'Laptop', 'Monitor'})","frozenset({'Keyboard', 'Mouse'})",0.056,0.228,0.056,1.0,4.385964912280701,1.0,0.043232,inf,0.8177966101694915,0.24561403508771926,1.0,0.6228070175438596
frozenset({'Laptop Bag'}),"frozenset({'Laptop', 'Mouse'})",0.18,0.236,0.18,1.0,4.237288135593221,1.0,0.13752,inf,0.9317073170731707,0.7627118644067796,1.0,0.8813559322033898
"frozenset({'Headphones', 'Laptop Bag'})","frozenset({'Laptop', 'Mouse'})",0.02,0.236,0.02,1.0,4.237288135593221,1.0,0.01528,inf,0.7795918367346939,0.0847457627118644,1.0,0.5423728813559322
"frozenset({'Laptop Bag', 'Keyboard', 'Mouse'})",frozenset({'Laptop'}),0.084,0.236,0.084,1.0,4.237288135593221,1.0,0.06417600000000001,inf,0.8340611353711791,0.35593220338983056,1.0,0.6779661016949152
"frozenset({'Laptop Bag', 'Keyboard'})","frozenset({'Laptop', 'Mouse'})",0.084,0.236,0.084,1.0,4.237288135593221,1.0,0.06417600000000001,inf,0.8340611353711791,0.35593220338983056,1.0,0.6779661016949152
"frozenset({'Laptop Bag', 'Mouse'})",frozenset({'Laptop'}),0.18,0.236,0.18,1.0,4.237288135593221,1.0,0.13752,inf,0.9317073170731707,0.7627118644067796,1.0,0.8813559322033898
"frozenset({'Laptop Bag', 'Keyboard', 'USB Hub'})",frozenset({'Laptop'}),0.084,0.236,0.084,1.0,4.237288135593221,1.0,0.06417600000000001,inf,0.8340611353711791,0.35593220338983056,1.0,0.6779661016949152
"frozenset({'Laptop Bag', 'Keyboard'})",frozenset({'Laptop'}),0.084,0.236,0.084,1.0,4.237288135593221,1.0,0.06417600000000001,inf,0.8340611353711791,0.35593220338983056,1.0,0.6779661016949152
"frozenset({'Headphones', 'Laptop Bag'})",frozenset({'Laptop'}),0.02,0.236,0.02,1.0,4.237288135593221,1.0,0.01528,inf,0.7795918367346939,0.0847457627118644,1.0,0.5423728813559322
"frozenset({'Laptop Bag', 'Mouse', 'USB Hub'})",frozenset({'Laptop'}),0.088,0.236,0.088,1.0,4.237288135593221,1.0,0.067232,inf,0.8377192982456141,0.37288135593220345,1.0,0.6864406779661016
frozenset({'Laptop Bag'}),frozenset({'Laptop'}),0.18,0.236,0.18,1.0,4.237288135593221,1.0,0.13752,inf,0.9317073170731707,0.7627118644067796,1.0,0.8813559322033898
"frozenset({'HDMI Cable', 'Laptop Bag'})",frozenset({'Laptop'}),0.096,0.236,0.096,1.0,4.237288135593221,1.0,0.073344,inf,0.845132743362832,0.40677966101694923,1.0,0.7033898305084746
frozenset({'Laptop'}),"frozenset({'Laptop Bag', 'Mouse'})",0.236,0.18,0.18,0.7627118644067796,4.237288135593221,1.0,0.13752,3.4557142857142855,1.0,0.7627118644067796,0.7106242248863166,0.8813559322033898
"frozenset({'Laptop Bag', 'Keyboard', 'Mouse', 'USB Hub'})",frozenset({'Laptop'}),0.084,0.236,0.084,1.0,4.237288135593221,1.0,0.06417600000000001,inf,0.8340611353711791,0.35593220338983056,1.0,0.6779661016949152
"frozenset({'Laptop Bag', 'USB Hub'})",frozenset({'Laptop'}),0.088,0.236,0.088,1.0,4.237288135593221,1.0,0.067232,inf,0.8377192982456141,0.37288135593220345,1.0,0.6864406779661016
"frozenset({'Laptop Bag', 'Keyboard', 'USB Hub'})","frozenset({'Laptop', 'Mouse'})",0.084,0.236,0.084,1.0,4.237288135593221,1.0,0.06417600000000001,inf,0.8340611353711791,0.35593220338983056,1.0,0.6779661016949152
"frozenset({'Laptop', 'Mouse'})",frozenset({'Laptop Bag'}),0.236,0.18,0.18,0.7627118644067796,4.237288135593221,1.0,0.13752,3.4557142857142855,1.0,0.7627118644067796,0.7106242248863166,0.8813559322033898
frozenset({'Laptop'}),frozenset({'Laptop Bag'}),0.236,0.18,0.18,0.7627118644067796,4.237288135593221,1.0,0.13752,3.4557142857142855,1.0,0.7627118644067796,0.7106242248863166,0.8813559322033898
"frozenset({'Headphones', 'Laptop Bag', 'Mouse'})",frozenset({'Laptop'}),0.02,0.236,0.02,1.0,4.237288135593221,1.0,0.01528,inf,0.7795918367346939,0.0847457627118644,1.0,0.5423728813559322
"frozenset({'HDMI Cable', 'Laptop Bag', 'Mouse'})",frozenset({'Laptop'}),0.096,0.236,0.096,1.0,4.237288135593221,1.0,0.073344,inf,0.845132743362832,0.40677966101694923,1.0,0.7033898305084746
"frozenset({'HDMI Cable', 'Laptop Bag'})","frozenset({'Laptop', 'Mouse'})",0.096,0.236,0.096,1.0,4.237288135593221,1.0,0.073344,inf,0.845132743362832,0.40677966101694923,1.0,0.7033898305084746
"frozenset({'Laptop Bag', 'USB Hub'})","frozenset({'Laptop', 'Mouse'})",0.088,0.236,0.088,1.0,4.237288135593221,1.0,0.067232,inf,0.8377192982456141,0.37288135593220345,1.0,0.6864406779661016
"frozenset({'HDMI Cable', 'USB Hub'})","frozenset({'Keyboard', 'Mouse'})",0.092,0.228,0.088,0.9565217391304347,4.195270785659801,1.0,0.067024,17.75599999999997,0.8388065678814577,0.3793103448275862,0.9436810092363144,0.6712433257055682
"frozenset({'HDMI Cable', 'USB Hub'})",frozenset({'Keyboard'}),0.092,0.228,0.088,0.9565217391304347,4.195270785659801,1.0,0.067024,17.75599999999997,0.8388065678814577,0.3793103448275862,0.9436810092363144,0.6712433257055682
"frozenset({'HDMI Cable', 'Mouse', 'USB Hub'})",frozenset({'Keyboard'}),0.092,0.228,0.088,0.9565217391304347,4.195270785659801,1.0,0.067024,17.75599999999997,0.8388065678814577,0.3793103448275862,0.9436810092363144,0.6712433257055682
frozenset({'Keyboard'}),"frozenset({'Mouse', 'USB Hub'})",0.228,0.18,0.172,0.7543859649122806,4.191033138401559,1.0,0.13096,3.3385714285714276,0.9862634052295458,0.7288135593220337,0.7004706889174154,0.854970760233918
"frozenset({'Mouse', 'USB Hub'})",frozenset({'Keyboard'}),0.18,0.228,0.172,0.9555555555555555,4.191033138401559,1.0,0.13096,17.369999999999976,0.9285309132161088,0.7288135593220337,0.9424294761082325,0.854970760233918
"frozenset({'Laptop Bag', 'Laptop', 'USB Hub'})","frozenset({'Keyboard', 'Mouse'})",0.088,0.228,0.084,0.9545454545454547,4.186602870813398,1.0,0.063936,16.98400000000006,0.8345864661654135,0.36206896551724144,0.9411210551106927,0.6614832535885169
"frozenset({'Laptop', 'USB Hub'})","frozenset({'Keyboard', 'Mouse'})",0.088,0.228,0.084,0.9545454545454547,4.186602870813398,1.0,0.063936,16.98400000000006,0.8345864661654135,0.36206896551724144,0.9411210551106927,0.6614832535885169
"frozenset({'Laptop Bag', 'USB Hub'})",frozenset({'Keyboard'}),0.088,0.228,0.084,0.9545454545454547,4.186602870813398,1.0,0.063936,16.98400000000006,0.8345864661654135,0.36206896551724144,0.9411210551106927,0.6614832535885169
"frozenset({'Laptop Bag', 'USB Hub'})","frozenset({'Keyboard', 'Mouse'})",0.088,0.228,0.084,0.9545454545454547,4.186602870813398,1.0,0.063936,16.98400000000006,0.8345864661654135,0.36206896551724144,0.9411210551106927,0.6614832535885169
"frozenset({'Laptop Bag', 'Mouse', 'USB Hub'})",frozenset({'Keyboard'}),0.088,0.228,0.084,0.9545454545454547,4.186602870813398,1.0,0.063936,16.98400000000006,0.8345864661654135,0.36206896551724144,0.9411210551106927,0.6614832535885169
"frozenset({'Laptop', 'USB Hub'})",frozenset({'Keyboard'}),0.088,0.228,0.084,0.9545454545454547,4.186602870813398,1.0,0.063936,16.98400000000006,0.8345864661654135,0.36206896551724144,0.9411210551106927,0.6614832535885169
"frozenset({'Mouse', 'Laptop Bag', 'Laptop', 'USB Hub'})",frozenset({'Keyboard'}),0.088,0.228,0.084,0.9545454545454547,4.186602870813398,1.0,0.063936,16.98400000000006,0.8345864661654135,0.36206896551724144,0.9411210551106927,0.6614832535885169
"frozenset({'Laptop Bag', 'Laptop', 'USB Hub'})",frozenset({'Keyboard'}),0.088,0.228,0.084,0.9545454545454547,4.186602870813398,1.0,0.063936,16.98400000000006,0.8345864661654135,0.36206896551724144,0.9411210551106927,0.6614832535885169
"frozenset({'Mouse', 'Laptop', 'USB Hub'})",frozenset({'Keyboard'}),0.088,0.228,0.084,0.9545454545454547,4.186602870813398,1.0,0.063936,16.98400000000006,0.8345864661654135,0.36206896551724144,0.9411210551106927,0.6614832535885169
"frozenset({'Keyboard', 'Laptop', 'Monitor', 'Mouse'})",frozenset({'HDMI Cable'}),0.056,0.24,0.056,1.0,4.166666666666667,1.0,0.04256,inf,0.8050847457627118,0.23333333333333334,1.0,0.6166666666666667
"frozenset({'Keyboard', 'Monitor', 'USB Hub'})","frozenset({'HDMI Cable', 'Mouse'})",0.088,0.24,0.088,1.0,4.166666666666667,1.0,0.06688,inf,0.8333333333333334,0.3666666666666667,1.0,0.6833333333333333
"frozenset({'Keyboard', 'Monitor'})",frozenset({'HDMI Cable'}),0.144,0.24,0.144,1.0,4.166666666666667,1.0,0.10944,inf,0.8878504672897197,0.5999999999999999,1.0,0.8
frozenset({'HDMI Cable'}),"frozenset({'Keyboard', 'Monitor'})",0.24,0.144,0.144,0.6,4.166666666666667,1.0,0.10944,2.1399999999999997,1.0,0.5999999999999999,0.5327102803738317,0.8
frozenset({'Monitor'}),frozenset({'HDMI Cable'}),0.144,0.24,0.144,1.0,4.166666666666667,1.0,0.10944,inf,0.8878504672897197,0.5999999999999999,1.0,0.8
"frozenset({'Keyboard', 'Mouse', 'Monitor', 'USB Hub'})",frozenset({'HDMI Cable'}),0.088,0.24,0.088,1.0,4.166666666666667,1.0,0.06688,inf,0.8333333333333334,0.3666666666666667,1.0,0.6833333333333333
"frozenset({'Keyboard', 'Laptop', 'Monitor'})","frozenset({'HDMI Cable', 'Mouse'})",0.056,0.24,0.056,1.0,4.166666666666667,1.0,0.04256,inf,0.8050847457627118,0.23333333333333334,1.0,0.6166666666666667
"frozenset({'Keyboard', 'Mouse', 'Monitor'})",frozenset({'HDMI Cable'}),0.144,0.24,0.144,1.0,4.166666666666667,1.0,0.10944,inf,0.8878504672897197,0.5999999999999999,1.0,0.8
"frozenset({'Laptop', 'Monitor', 'Mouse'})",frozenset({'HDMI Cable'}),0.056,0.24,0.056,1.0,4.166666666666667,1.0,0.04256,inf,0.8050847457627118,0.23333333333333334,1.0,0.6166666666666667
"frozenset({'Laptop', 'Monitor'})",frozenset({'HDMI Cable'}),0.056,0.24,0.056,1.0,4.166666666666667,1.0,0.04256,inf,0.8050847457627118,0.23333333333333334,1.0,0.6166666666666667
"frozenset({'Laptop', 'Monitor'})","frozenset({'HDMI Cable', 'Mouse'})",0.056,0.24,0.056,1.0,4.166666666666667,1.0,0.04256,inf,0.8050847457627118,0.23333333333333334,1.0,0.6166666666666667
"frozenset({'Keyboard', 'Laptop', 'Monitor'})",frozenset({'HDMI Cable'}),0.056,0.24,0.056,1.0,4.166666666666667,1.0,0.04256,inf,0.8050847457627118,0.23333333333333334,1.0,0.6166666666666667
"frozenset({'Notebook', 'Mouse'})",frozenset({'HDMI Cable'}),0.02,0.24,0.02,1.0,4.166666666666667,1.0,0.015200000000000002,inf,0.7755102040816327,0.08333333333333333,1.0,0.5416666666666666
"frozenset({'HDMI Cable', 'Mouse'})","frozenset({'Keyboard', 'Monitor'})",0.24,0.144,0.144,0.6,4.166666666666667,1.0,0.10944,2.1399999999999997,1.0,0.5999999999999999,0.5327102803738317,0.8
"frozenset({'Keyboard', 'Monitor', 'USB Hub'})",frozenset({'HDMI Cable'}),0.088,0.24,0.088,1.0,4.166666666666667,1.0,0.06688,inf,0.8333333333333334,0.3666666666666667,1.0,0.6833333333333333
"frozenset({'Monitor', 'USB Hub'})",frozenset({'HDMI Cable'}),0.088,0.24,0.088,1.0,4.166666666666667,1.0,0.06688,inf,0.8333333333333334,0.3666666666666667,1.0,0.6833333333333333
"frozenset({'Mouse', 'Monitor', 'USB Hub'})",frozenset({'HDMI Cable'}),0.088,0.24,0.088,1.0,4.166666666666667,1.0,0.06688,inf,0.8333333333333334,0.3666666666666667,1.0,0.6833333333333333
frozenset({'HDMI Cable'}),"frozenset({'Mouse', 'Monitor'})",0.24,0.144,0.144,0.6,4.166666666666667,1.0,0.10944,2.1399999999999997,1.0,0.5999999999999999,0.5327102803738317,0.8
frozenset({'Monitor'}),"frozenset({'HDMI Cable', 'Mouse'})",0.144,0.24,0.144,1.0,4.166666666666667,1.0,0.10944,inf,0.8878504672897197,0.5999999999999999,1.0,0.8
"frozenset({'Monitor', 'USB Hub'})","frozenset({'HDMI Cable', 'Mouse'})",0.088,0.24,0.088,1.0,4.166666666666667,1.0,0.06688,inf,0.8333333333333334,0.3666666666666667,1.0,0.6833333333333333
"frozenset({'Mouse', 'Monitor'})",frozenset({'HDMI Cable'}),0.144,0.24,0.144,1.0,4.166666666666667,1.0,0.10944,inf,0.8878504672897197,0.5999999999999999,1.0,0.8
frozenset({'HDMI Cable'}),frozenset({'Monitor'}),0.24,0.144,0.144,0.6,4.166666666666667,1.0,0.10944,2.1399999999999997,1.0,0.5999999999999999,0.5327102803738317,0.8
"frozenset({'Keyboard', 'Monitor'})","frozenset({'HDMI Cable', 'Mouse'})",0.144,0.24,0.144,1.0,4.166666666666667,1.0,0.10944,inf,0.8878504672897197,0.5999999999999999,1.0,0.8
"frozenset({'HDMI Cable', 'Mouse'})",frozenset({'Monitor'}),0.24,0.144,0.144,0.6,4.166666666666667,1.0,0.10944,2.1399999999999997,1.0,0.5999999999999999,0.5327102803738317,0.8
frozenset({'HDMI Cable'}),"frozenset({'Keyboard', 'Mouse', 'Monitor'})",0.24,0.144,0.144,0.6,4.166666666666667,1.0,0.10944,2.1399999999999997,1.0,0.5999999999999999,0.5327102803738317,0.8
"frozenset({'Phone Case', 'Phone'})",frozenset({'Power Bank'}),0.116,0.216,0.104,0.8965517241379309,4.150702426564495,1.0,0.07894399999999999,7.57866666666666,0.8586843021232161,0.4561403508771929,0.8680506685432793,0.6890166028097062
"frozenset({'Phone Case', 'Charger'})",frozenset({'Power Bank'}),0.116,0.216,0.104,0.8965517241379309,4.150702426564495,1.0,0.07894399999999999,7.57866666666666,0.8586843021232161,0.4561403508771929,0.8680506685432793,0.6890166028097062
"frozenset({'Phone Case', 'Charger', 'Phone'})",frozenset({'Power Bank'}),0.116,0.216,0.104,0.8965517241379309,4.150702426564495,1.0,0.07894399999999999,7.57866666666666,0.8586843021232161,0.4561403508771929,0.8680506685432793,0.6890166028097062
"frozenset({'Power Bank', 'Phone'})",frozenset({'Phone Case'}),0.192,0.132,0.104,0.5416666666666666,4.103535353535353,1.0,0.07865599999999999,1.8938181818181816,0.936024371667936,0.47272727272727266,0.4719662058371735,0.6647727272727273
frozenset({'Phone Case'}),"frozenset({'Power Bank', 'Phone'})",0.132,0.192,0.104,0.7878787878787878,4.103535353535353,1.0,0.07865599999999999,3.8091428571428567,0.8713222261609358,0.47272727272727266,0.7374737473747375,0.6647727272727273
frozenset({'Coffee Mug'}),frozenset({'Notebook'}),0.12,0.188,0.092,0.7666666666666667,4.078014184397164,1.0,0.06944,3.480000000000001,0.8577075098814229,0.42592592592592593,0.7126436781609194,0.6280141843971632
"frozenset({'Headphones', 'Mouse'})",frozenset({'Laptop Bag'}),0.028,0.18,0.02,0.7142857142857143,3.9682539682539684,1.0,0.014960000000000001,2.8700000000000006,0.7695473251028807,0.10638297872340426,0.651567944250871,0.41269841269841273
"frozenset({'Headphones', 'Mouse'})","frozenset({'Laptop Bag', 'Laptop'})",0.028,0.18,0.02,0.7142857142857143,3.9682539682539684,1.0,0.014960000000000001,2.8700000000000006,0.7695473251028807,0.10638297872340426,0.651567944250871,0.41269841269841273
frozenset({'Phone Case'}),frozenset({'Power Bank'}),0.132,0.216,0.104,0.7878787878787878,3.6475869809203143,1.0,0.075488,3.6959999999999997,0.8362282878411912,0.4262295081967213,0.7294372294372294,0.6346801346801346
frozenset({'Monitor'}),"frozenset({'Keyboard', 'USB Hub'})",0.144,0.172,0.088,0.6111111111111112,3.5529715762273906,1.0,0.063232,2.1291428571428574,0.8394222599830077,0.3859649122807018,0.5303274288781535,0.5613695090439277
"frozenset({'Keyboard', 'USB Hub'})",frozenset({'Monitor'}),0.172,0.144,0.088,0.5116279069767442,3.5529715762273906,1.0,0.063232,1.7527619047619047,0.867808519982433,0.3859649122807018,0.42947185394479465,0.5613695090439277
"frozenset({'Keyboard', 'USB Hub'})","frozenset({'Mouse', 'Monitor'})",0.172,0.144,0.088,0.5116279069767442,3.5529715762273906,1.0,0.063232,1.7527619047619047,0.867808519982433,0.3859649122807018,0.42947185394479465,0.5613695090439277
"frozenset({'Keyboard', 'Mouse', 'USB Hub'})",frozenset({'Monitor'}),0.172,0.144,0.088,0.5116279069767442,3.5529715762273906,1.0,0.063232,1.7527619047619047,0.867808519982433,0.3859649122807018,0.42947185394479465,0.5613695090439277
"frozenset({'HDMI Cable', 'Monitor'})","frozenset({'Keyboard', 'USB Hub'})",0.144,0.172,0.088,0.6111111111111112,3.5529715762273906,1.0,0.063232,2.1291428571428574,0.8394222599830077,0.3859649122807018,0.5303274288781535,0.5613695090439277
"frozenset({'Keyboard', 'Mouse', 'USB Hub'})","frozenset({'HDMI Cable', 'Monitor'})",0.172,0.144,0.088,0.5116279069767442,3.5529715762273906,1.0,0.063232,1.7527619047619047,0.867808519982433,0.3859649122807018,0.42947185394479465,0.5613695090439277
"frozenset({'HDMI Cable', 'Monitor'})","frozenset({'Keyboard', 'Mouse', 'USB Hub'})",0.144,0.172,0.088,0.6111111111111112,3.5529715762273906,1.0,0.063232,2.1291428571428574,0.8394222599830077,0.3859649122807018,0.5303274288781535,0.5613695090439277
"frozenset({'Keyboard', 'USB Hub'})","frozenset({'HDMI Cable', 'Monitor'})",0.172,0.144,0.088,0.5116279069767442,3.5529715762273906,1.0,0.063232,1.7527619047619047,0.867808519982433,0.3859649122807018,0.42947185394479465,0.5613695090439277
"frozenset({'Keyboard', 'USB Hub'})","frozenset({'HDMI Cable', 'Mouse', 'Monitor'})",0.172,0.144,0.088,0.5116279069767442,3.5529715762273906,1.0,0.063232,1.7527619047619047,0.867808519982433,0.3859649122807018,0.42947185394479465,0.5613695090439277
"frozenset({'Mouse', 'Monitor'})","frozenset({'Keyboard', 'USB Hub'})",0.144,0.172,0.088,0.6111111111111112,3.5529715762273906,1.0,0.063232,2.1291428571428574,0.8394222599830077,0.3859649122807018,0.5303274288781535,0.5613695090439277
frozenset({'Monitor'}),"frozenset({'Keyboard', 'Mouse', 'USB Hub'})",0.144,0.172,0.088,0.6111111111111112,3.5529715762273906,1.0,0.063232,2.1291428571428574,0.8394222599830077,0.3859649122807018,0.5303274288781535,0.5613695090439277
"frozenset({'HDMI Cable', 'Mouse', 'Monitor'})","frozenset({'Keyboard', 'USB Hub'})",0.144,0.172,0.088,0.6111111111111112,3.5529715762273906,1.0,0.063232,2.1291428571428574,0.8394222599830077,0.3859649122807018,0.5303274288781535,0.5613695090439277
"frozenset({'Laptop Bag', 'Keyboard', 'Laptop'})",frozenset({'USB Hub'}),0.084,0.284,0.084,1.0,3.5211267605633805,1.0,0.060144,inf,0.7816593886462881,0.295774647887324,1.0,0.647887323943662
"frozenset({'Laptop Bag', 'Keyboard', 'Mouse'})",frozenset({'USB Hub'}),0.084,0.284,0.084,1.0,3.5211267605633805,1.0,0.060144,inf,0.7816593886462881,0.295774647887324,1.0,0.647887323943662
"frozenset({'Laptop Bag', 'Keyboard'})",frozenset({'USB Hub'}),0.084,0.284,0.084,1.0,3.5211267605633805,1.0,0.060144,inf,0.7816593886462881,0.295774647887324,1.0,0.647887323943662
"frozenset({'Headphones', 'Webcam'})",frozenset({'USB Hub'}),0.088,0.284,0.088,1.0,3.5211267605633805,1.0,0.063008,inf,0.7850877192982456,0.30985915492957744,1.0,0.6549295774647887
"frozenset({'Laptop Bag', 'Keyboard', 'Laptop', 'Mouse'})",frozenset({'USB Hub'}),0.084,0.284,0.084,1.0,3.5211267605633805,1.0,0.060144,inf,0.7816593886462881,0.295774647887324,1.0,0.647887323943662
"frozenset({'HDMI Cable', 'Laptop', 'Mouse'})",frozenset({'Laptop Bag'}),0.152,0.18,0.096,0.6315789473684211,3.508771929824562,1.0,0.06864,2.2257142857142864,0.8431603773584907,0.40677966101694923,0.5507060333761233,0.5824561403508772
"frozenset({'HDMI Cable', 'Laptop'})","frozenset({'Laptop Bag', 'Mouse'})",0.152,0.18,0.096,0.6315789473684211,3.508771929824562,1.0,0.06864,2.2257142857142864,0.8431603773584907,0.40677966101694923,0.5507060333761233,0.5824561403508772
"frozenset({'HDMI Cable', 'Laptop'})",frozenset({'Laptop Bag'}),0.152,0.18,0.096,0.6315789473684211,3.508771929824562,1.0,0.06864,2.2257142857142864,0.8431603773584907,0.40677966101694923,0.5507060333761233,0.5824561403508772
frozenset({'Laptop Bag'}),"frozenset({'HDMI Cable', 'Laptop'})",0.18,0.152,0.096,0.5333333333333333,3.5087719298245617,1.0,0.06864,1.8171428571428572,0.8719512195121951,0.40677966101694923,0.4496855345911949,0.5824561403508772
frozenset({'Laptop Bag'}),"frozenset({'HDMI Cable', 'Laptop', 'Mouse'})",0.18,0.152,0.096,0.5333333333333333,3.5087719298245617,1.0,0.06864,1.8171428571428572,0.8719512195121951,0.40677966101694923,0.4496855345911949,0.5824561403508772
"frozenset({'Laptop Bag', 'Mouse'})","frozenset({'HDMI Cable', 'Laptop'})",0.18,0.152,0.096,0.5333333333333333,3.5087719298245617,1.0,0.06864,1.8171428571428572,0.8719512195121951,0.40677966101694923,0.4496855345911949,0.5824561403508772
"frozenset({'HDMI Cable', 'Keyboard'})","frozenset({'Mouse', 'USB Hub'})",0.144,0.18,0.088,0.6111111111111112,3.395061728395062,1.0,0.062079999999999996,2.108571428571429,0.8241291418861513,0.37288135593220345,0.5257452574525745,0.55
"frozenset({'HDMI Cable', 'Keyboard', 'Monitor'})","frozenset({'Mouse', 'USB Hub'})",0.144,0.18,0.088,0.6111111111111112,3.395061728395062,1.0,0.062079999999999996,2.108571428571429,0.8241291418861513,0.37288135593220345,0.5257452574525745,0.55
"frozenset({'HDMI Cable', 'Monitor'})","frozenset({'Mouse', 'USB Hub'})",0.144,0.18,0.088,0.6111111111111112,3.395061728395062,1.0,0.062079999999999996,2.108571428571429,0.8241291418861513,0.37288135593220345,0.5257452574525745,0.55
"frozenset({'Keyboard', 'Monitor'})","frozenset({'Mouse', 'USB Hub'})",0.144,0.18,0.088,0.6111111111111112,3.395061728395062,1.0,0.062079999999999996,2.108571428571429,0.8241291418861513,0.37288135593220345,0.5257452574525745,0.55
frozenset({'Monitor'}),"frozenset({'Mouse', 'USB Hub'})",0.144,0.18,0.088,0.6111111111111112,3.395061728395062,1.0,0.062079999999999996,2.108571428571429,0.8241291418861513,0.37288135593220345,0.5257452574525745,0.55
"frozenset({'Keyboard', 'Laptop', 'Mouse'})",frozenset({'Laptop Bag'}),0.14,0.18,0.084,0.6,3.3333333333333335,1.0,0.058800000000000005,2.05,0.8139534883720931,0.35593220338983056,0.5121951219512194,0.5333333333333333
"frozenset({'Keyboard', 'Laptop'})",frozenset({'Laptop Bag'}),0.14,0.18,0.084,0.6,3.3333333333333335,1.0,0.058800000000000005,2.05,0.8139534883720931,0.35593220338983056,0.5121951219512194,0.5333333333333333
"frozenset({'Keyboard', 'Laptop'})","frozenset({'Mouse', 'USB Hub'})",0.14,0.18,0.084,0.6,3.3333333333333335,1.0,0.058800000000000005,2.05,0.8139534883720931,0.35593220338983056,0.5121951219512194,0.5333333333333333
"frozenset({'Keyboard', 'Laptop'})","frozenset({'Laptop Bag', 'Mouse'})",0.14,0.18,0.084,0.6,3.3333333333333335,1.0,0.058800000000000005,2.05,0.8139534883720931,0.35593220338983056,0.5121951219512194,0.5333333333333333
"frozenset({'Headphones', 'Phone'})",frozenset({'Power Bank'}),0.028,0.216,0.02,0.7142857142857143,3.306878306878307,1.0,0.013951999999999999,2.744,0.7176954732510288,0.08928571428571429,0.6355685131195336,0.40343915343915343
"frozenset({'Screen Protector', 'Power Bank'})","frozenset({'Charger', 'Phone'})",0.104,0.304,0.104,1.0,3.2894736842105265,1.0,0.072384,inf,0.7767857142857143,0.34210526315789475,1.0,0.6710526315789473
"frozenset({'Phone Case', 'Screen Protector'})","frozenset({'Charger', 'Phone'})",0.104,0.304,0.104,1.0,3.2894736842105265,1.0,0.072384,inf,0.7767857142857143,0.34210526315789475,1.0,0.6710526315789473
frozenset({'Screen Protector'}),"frozenset({'Charger', 'Phone'})",0.104,0.304,0.104,1.0,3.2894736842105265,1.0,0.072384,inf,0.7767857142857143,0.34210526315789475,1.0,0.6710526315789473
frozenset({'Smartwatch'}),"frozenset({'Charger', 'Phone'})",0.108,0.304,0.108,1.0,3.2894736842105265,1.0,0.075168,inf,0.780269058295964,0.35526315789473684,1.0,0.6776315789473684
"frozenset({'Phone Case', 'Screen Protector', 'Power Bank'})","frozenset({'Charger', 'Phone'})",0.104,0.304,0.104,1.0,3.2894736842105265,1.0,0.072384,inf,0.7767857142857143,0.34210526315789475,1.0,0.6710526315789473
"frozenset({'Phone Case', 'Power Bank'})","frozenset({'Charger', 'Phone'})",0.104,0.304,0.104,1.0,3.2894736842105265,1.0,0.072384,inf,0.7767857142857143,0.34210526315789475,1.0,0.6710526315789473
"frozenset({'Headphones', 'Mouse'})",frozenset({'Laptop'}),0.028,0.236,0.02,0.7142857142857143,3.026634382566586,1.0,0.013392000000000001,2.6740000000000004,0.688888888888889,0.08196721311475409,0.6260284218399402,0.39951573849878935
frozenset({'Phone Case'}),"frozenset({'Charger', 'Phone'})",0.132,0.304,0.116,0.8787878787878788,2.890749601275917,1.0,0.075872,5.741999999999999,0.7535356745590338,0.3625,0.8258446534308604,0.63018341307815
frozenset({'Mouse'}),"frozenset({'Laptop Bag', 'Laptop'})",0.348,0.18,0.18,0.5172413793103449,2.873563218390805,1.0,0.11736,1.6985714285714288,1.0,0.5172413793103448,0.41126997476871324,0.7586206896551724
"frozenset({'HDMI Cable', 'Keyboard', 'Monitor', 'USB Hub'})",frozenset({'Mouse'}),0.088,0.348,0.088,1.0,2.873563218390805,1.0,0.057375999999999996,inf,0.7149122807017544,0.25287356321839083,1.0,0.6264367816091954
"frozenset({'Keyboard', 'USB Hub'})",frozenset({'Mouse'}),0.172,0.348,0.172,1.0,2.873563218390805,1.0,0.112144,inf,0.7874396135265701,0.4942528735632183,1.0,0.7471264367816092
"frozenset({'Keyboard', 'Laptop', 'Monitor'})",frozenset({'Mouse'}),0.056,0.348,0.056,1.0,2.873563218390805,1.0,0.036512,inf,0.690677966101695,0.16091954022988508,1.0,0.5804597701149425
frozenset({'HDMI Cable'}),frozenset({'Mouse'}),0.24,0.348,0.24,1.0,2.873563218390805,1.0,0.15648,inf,0.8578947368421053,0.6896551724137931,1.0,0.8448275862068966
frozenset({'Mouse'}),frozenset({'Laptop Bag'}),0.348,0.18,0.18,0.5172413793103449,2.873563218390805,1.0,0.11736,1.6985714285714288,1.0,0.5172413793103448,0.41126997476871324,0.7586206896551724
frozenset({'Laptop Bag'}),frozenset({'Mouse'}),0.18,0.348,0.18,1.0,2.873563218390805,1.0,0.11736,inf,0.7951219512195122,0.5172413793103448,1.0,0.7586206896551724
frozenset({'Keyboard'}),frozenset({'Mouse'}),0.228,0.348,0.228,1.0,2.873563218390805,1.0,0.148656,inf,0.844559585492228,0.6551724137931035,1.0,0.8275862068965518
frozenset({'Mouse'}),frozenset({'Keyboard'}),0.348,0.228,0.228,0.6551724137931035,2.873563218390805,1.0,0.148656,2.238800000000001,1.0,0.6551724137931035,0.553332142219046,0.8275862068965518
frozenset({'Mouse'}),frozenset({'Laptop'}),0.348,0.236,0.236,0.67816091954023,2.873563218390805,1.0,0.153872,2.3738571428571436,1.0,0.67816091954023,0.5787446590840706,0.8390804597701149
"frozenset({'Laptop Bag', 'Laptop'})",frozenset({'Mouse'}),0.18,0.348,0.18,1.0,2.873563218390805,1.0,0.11736,inf,0.7951219512195122,0.5172413793103448,1.0,0.7586206896551724
"frozenset({'Laptop', 'USB Hub'})",frozenset({'Mouse'}),0.088,0.348,0.088,1.0,2.873563218390805,1.0,0.057375999999999996,inf,0.7149122807017544,0.25287356321839083,1.0,0.6264367816091954
"frozenset({'Laptop Bag', 'Keyboard'})",frozenset({'Mouse'}),0.084,0.348,0.084,1.0,2.873563218390805,1.0,0.054768000000000004,inf,0.7117903930131004,0.24137931034482762,1.0,0.6206896551724138
frozenset({'Laptop'}),frozenset({'Mouse'}),0.236,0.348,0.236,1.0,2.873563218390805,1.0,0.153872,inf,0.8534031413612566,0.67816091954023,1.0,0.8390804597701149
"frozenset({'Keyboard', 'Laptop', 'USB Hub'})",frozenset({'Mouse'}),0.084,0.348,0.084,1.0,2.873563218390805,1.0,0.054768000000000004,inf,0.7117903930131004,0.24137931034482762,1.0,0.6206896551724138
"frozenset({'Laptop Bag', 'Keyboard', 'Laptop'})",frozenset({'Mouse'}),0.084,0.348,0.084,1.0,2.873563218390805,1.0,0.054768000000000004,inf,0.7117903930131004,0.24137931034482762,1.0,0.6206896551724138
"frozenset({'Laptop Bag', 'Keyboard', 'Laptop', 'USB Hub'})",frozenset({'Mouse'}),0.084,0.348,0.084,1.0,2.873563218390805,1.0,0.054768000000000004,inf,0.7117903930131004,0.24137931034482762,1.0,0.6206896551724138
"frozenset({'Laptop Bag', 'Keyboard', 'USB Hub'})",frozenset({'Mouse'}),0.084,0.348,0.084,1.0,2.873563218390805,1.0,0.054768000000000004,inf,0.7117903930131004,0.24137931034482762,1.0,0.6206896551724138
"frozenset({'HDMI Cable', 'Laptop'})",frozenset({'Mouse'}),0.152,0.348,0.152,1.0,2.873563218390805,1.0,0.099104,inf,0.768867924528302,0.4367816091954023,1.0,0.7183908045977012
"frozenset({'Laptop Bag', 'USB Hub'})",frozenset({'Mouse'}),0.088,0.348,0.088,1.0,2.873563218390805,1.0,0.057375999999999996,inf,0.7149122807017544,0.25287356321839083,1.0,0.6264367816091954
"frozenset({'Monitor', 'USB Hub'})",frozenset({'Mouse'}),0.088,0.348,0.088,1.0,2.873563218390805,1.0,0.057375999999999996,inf,0.7149122807017544,0.25287356321839083,1.0,0.6264367816091954
"frozenset({'HDMI Cable', 'Keyboard', 'Monitor'})",frozenset({'Mouse'}),0.144,0.348,0.144,1.0,2.873563218390805,1.0,0.093888,inf,0.7616822429906543,0.41379310344827586,1.0,0.7068965517241379
"frozenset({'Keyboard', 'Monitor', 'USB Hub'})",frozenset({'Mouse'}),0.088,0.348,0.088,1.0,2.873563218390805,1.0,0.057375999999999996,inf,0.7149122807017544,0.25287356321839083,1.0,0.6264367816091954
"frozenset({'HDMI Cable', 'Keyboard', 'Laptop', 'Monitor'})",frozenset({'Mouse'}),0.056,0.348,0.056,1.0,2.873563218390805,1.0,0.036512,inf,0.690677966101695,0.16091954022988508,1.0,0.5804597701149425
"frozenset({'HDMI Cable', 'Keyboard', 'USB Hub'})",frozenset({'Mouse'}),0.088,0.348,0.088,1.0,2.873563218390805,1.0,0.057375999999999996,inf,0.7149122807017544,0.25287356321839083,1.0,0.6264367816091954
"frozenset({'Laptop Bag', 'Laptop', 'USB Hub'})",frozenset({'Mouse'}),0.088,0.348,0.088,1.0,2.873563218390805,1.0,0.057375999999999996,inf,0.7149122807017544,0.25287356321839083,1.0,0.6264367816091954
"frozenset({'HDMI Cable', 'Laptop Bag'})",frozenset({'Mouse'}),0.096,0.348,0.096,1.0,2.873563218390805,1.0,0.06259200000000001,inf,0.7212389380530975,0.2758620689655173,1.0,0.6379310344827587
"frozenset({'Notebook', 'HDMI Cable'})",frozenset({'Mouse'}),0.02,0.348,0.02,1.0,2.873563218390805,1.0,0.01304,inf,0.6653061224489796,0.0574712643678161,1.0,0.5287356321839081
"frozenset({'Headphones', 'Laptop'})",frozenset({'Mouse'}),0.02,0.348,0.02,1.0,2.873563218390805,1.0,0.01304,inf,0.6653061224489796,0.0574712643678161,1.0,0.5287356321839081
"frozenset({'Headphones', 'Laptop Bag'})",frozenset({'Mouse'}),0.02,0.348,0.02,1.0,2.873563218390805,1.0,0.01304,inf,0.6653061224489796,0.0574712643678161,1.0,0.5287356321839081
"frozenset({'HDMI Cable', 'Laptop', 'Monitor'})",frozenset({'Mouse'}),0.056,0.348,0.056,1.0,2.873563218390805,1.0,0.036512,inf,0.690677966101695,0.16091954022988508,1.0,0.5804597701149425
"frozenset({'Laptop', 'Monitor'})",frozenset({'Mouse'}),0.056,0.348,0.056,1.0,2.873563218390805,1.0,0.036512,inf,0.690677966101695,0.16091954022988508,1.0,0.5804597701149425
"frozenset({'HDMI Cable', 'Keyboard', 'Laptop'})",frozenset({'Mouse'}),0.056,0.348,0.056,1.0,2.873563218390805,1.0,0.036512,inf,0.690677966101695,0.16091954022988508,1.0,0.5804597701149425
"frozenset({'Headphones', 'Laptop Bag', 'Laptop'})",frozenset({'Mouse'}),0.02,0.348,0.02,1.0,2.873563218390805,1.0,0.01304,inf,0.6653061224489796,0.0574712643678161,1.0,0.5287356321839081
"frozenset({'HDMI Cable', 'Laptop Bag', 'Laptop'})",frozenset({'Mouse'}),0.096,0.348,0.096,1.0,2.873563218390805,1.0,0.06259200000000001,inf,0.7212389380530975,0.2758620689655173,1.0,0.6379310344827587
frozenset({'Monitor'}),frozenset({'Mouse'}),0.144,0.348,0.144,1.0,2.873563218390805,1.0,0.093888,inf,0.7616822429906543,0.41379310344827586,1.0,0.7068965517241379
"frozenset({'HDMI Cable', 'Keyboard'})",frozenset({'Mouse'}),0.144,0.348,0.144,1.0,2.873563218390805,1.0,0.093888,inf,0.7616822429906543,0.41379310344827586,1.0,0.7068965517241379
"frozenset({'HDMI Cable', 'USB Hub'})",frozenset({'Mouse'}),0.092,0.348,0.092,1.0,2.873563218390805,1.0,0.059984,inf,0.7180616740088106,0.26436781609195403,1.0,0.632183908045977
"frozenset({'Keyboard', 'Laptop'})",frozenset({'Mouse'}),0.14,0.348,0.14,1.0,2.873563218390805,1.0,0.09128000000000001,inf,0.758139534883721,0.4022988505747127,1.0,0.7011494252873564
"frozenset({'Keyboard', 'Monitor'})",frozenset({'Mouse'}),0.144,0.348,0.144,1.0,2.873563218390805,1.0,0.093888,inf,0.7616822429906543,0.41379310344827586,1.0,0.7068965517241379
"frozenset({'HDMI Cable', 'Monitor'})",frozenset({'Mouse'}),0.144,0.348,0.144,1.0,2.873563218390805,1.0,0.093888,inf,0.7616822429906543,0.41379310344827586,1.0,0.7068965517241379
"frozenset({'HDMI Cable', 'Monitor', 'USB Hub'})",frozenset({'Mouse'}),0.088,0.348,0.088,1.0,2.873563218390805,1.0,0.057375999999999996,inf,0.7149122807017544,0.25287356321839083,1.0,0.6264367816091954
frozenset({'Mouse'}),frozenset({'HDMI Cable'}),0.348,0.24,0.24,0.6896551724137931,2.873563218390805,1.0,0.15648,2.4488888888888893,1.0,0.6896551724137931,0.5916515426497279,0.8448275862068966
"frozenset({'Phone Case', 'Charger', 'Power Bank'})",frozenset({'Phone'}),0.104,0.372,0.104,1.0,2.6881720430107525,1.0,0.065312,inf,0.7008928571428571,0.27956989247311825,1.0,0.6397849462365591
"frozenset({'Screen Protector', 'Phone Case', 'Charger'})",frozenset({'Phone'}),0.104,0.372,0.104,1.0,2.6881720430107525,1.0,0.065312,inf,0.7008928571428571,0.27956989247311825,1.0,0.6397849462365591
"frozenset({'Phone Case', 'Screen Protector', 'Power Bank'})",frozenset({'Phone'}),0.104,0.372,0.104,1.0,2.6881720430107525,1.0,0.065312,inf,0.7008928571428571,0.27956989247311825,1.0,0.6397849462365591
"frozenset({'Phone Case', 'Charger'})",frozenset({'Phone'}),0.116,0.372,0.116,1.0,2.6881720430107525,1.0,0.072848,inf,0.7104072398190044,0.3118279569892473,1.0,0.6559139784946236
"frozenset({'Notebook', 'Charger'})",frozenset({'Phone'}),0.02,0.372,0.02,1.0,2.6881720430107525,1.0,0.01256,inf,0.6408163265306123,0.053763440860215055,1.0,0.5268817204301075
"frozenset({'Charger', 'Screen Protector', 'Phone Case', 'Power Bank'})",frozenset({'Phone'}),0.104,0.372,0.104,1.0,2.6881720430107525,1.0,0.065312,inf,0.7008928571428571,0.27956989247311825,1.0,0.6397849462365591
"frozenset({'Phone Case', 'Screen Protector'})",frozenset({'Phone'}),0.104,0.372,0.104,1.0,2.6881720430107525,1.0,0.065312,inf,0.7008928571428571,0.27956989247311825,1.0,0.6397849462365591
"frozenset({'Charger', 'Screen Protector'})",frozenset({'Phone'}),0.104,0.372,0.104,1.0,2.6881720430107525,1.0,0.065312,inf,0.7008928571428571,0.27956989247311825,1.0,0.6397849462365591
"frozenset({'Charger', 'Screen Protector', 'Power Bank'})",frozenset({'Phone'}),0.104,0.372,0.104,1.0,2.6881720430107525,1.0,0.065312,inf,0.7008928571428571,0.27956989247311825,1.0,0.6397849462365591
frozenset({'Screen Protector'}),frozenset({'Phone'}),0.104,0.372,0.104,1.0,2.6881720430107525,1.0,0.065312,inf,0.7008928571428571,0.27956989247311825,1.0,0.6397849462365591
"frozenset({'Screen Protector', 'Power Bank'})",frozenset({'Phone'}),0.104,0.372,0.104,1.0,2.6881720430107525,1.0,0.065312,inf,0.7008928571428571,0.27956989247311825,1.0,0.6397849462365591
"frozenset({'Phone Case', 'Power Bank'})",frozenset({'Phone'}),0.104,0.372,0.104,1.0,2.6881720430107525,1.0,0.065312,inf,0.7008928571428571,0.27956989247311825,1.0,0.6397849462365591
frozenset({'Smartwatch'}),frozenset({'Phone'}),0.108,0.372,0.108,1.0,2.6881720430107525,1.0,0.067824,inf,0.7040358744394618,0.2903225806451613,1.0,0.6451612903225806
"frozenset({'Charger', 'Smartwatch'})",frozenset({'Phone'}),0.108,0.372,0.108,1.0,2.6881720430107525,1.0,0.067824,inf,0.7040358744394618,0.2903225806451613,1.0,0.6451612903225806
frozenset({'Laptop'}),"frozenset({'HDMI Cable', 'Mouse'})",0.236,0.24,0.152,0.6440677966101696,2.68361581920904,1.0,0.09536,2.135238095238096,0.8211628547809314,0.46913580246913583,0.5316681534344336,0.6387005649717514
"frozenset({'Laptop', 'Mouse'})",frozenset({'HDMI Cable'}),0.236,0.24,0.152,0.6440677966101696,2.68361581920904,1.0,0.09536,2.135238095238096,0.8211628547809314,0.46913580246913583,0.5316681534344336,0.6387005649717514
frozenset({'Laptop'}),frozenset({'HDMI Cable'}),0.236,0.24,0.152,0.6440677966101696,2.68361581920904,1.0,0.09536,2.135238095238096,0.8211628547809314,0.46913580246913583,0.5316681534344336,0.6387005649717514
"frozenset({'HDMI Cable', 'Mouse'})",frozenset({'Laptop'}),0.24,0.236,0.152,0.6333333333333333,2.6836158192090394,1.0,0.09536,2.0836363636363635,0.8254847645429363,0.46913580246913583,0.5200698080279231,0.6387005649717514
frozenset({'HDMI Cable'}),"frozenset({'Laptop', 'Mouse'})",0.24,0.236,0.152,0.6333333333333333,2.6836158192090394,1.0,0.09536,2.0836363636363635,0.8254847645429363,0.46913580246913583,0.5200698080279231,0.6387005649717514
frozenset({'HDMI Cable'}),frozenset({'Laptop'}),0.24,0.236,0.152,0.6333333333333333,2.6836158192090394,1.0,0.09536,2.0836363636363635,0.8254847645429363,0.46913580246913583,0.5200698080279231,0.6387005649717514
"frozenset({'Keyboard', 'Mouse'})",frozenset({'USB Hub'}),0.228,0.284,0.172,0.7543859649122806,2.656288608846059,1.0,0.107248,2.9151428571428557,0.8076876732136402,0.5058823529411763,0.6569636381456434,0.6800098838645909
frozenset({'Keyboard'}),frozenset({'USB Hub'}),0.228,0.284,0.172,0.7543859649122806,2.656288608846059,1.0,0.107248,2.9151428571428557,0.8076876732136402,0.5058823529411763,0.6569636381456434,0.6800098838645909
frozenset({'USB Hub'}),"frozenset({'Keyboard', 'Mouse'})",0.284,0.228,0.172,0.6056338028169014,2.6562886088460584,1.0,0.107248,1.9575714285714285,0.8708587761465507,0.5058823529411763,0.48916295701671164,0.6800098838645909
frozenset({'USB Hub'}),frozenset({'Keyboard'}),0.284,0.228,0.172,0.6056338028169014,2.6562886088460584,1.0,0.107248,1.9575714285714285,0.8708587761465507,0.5058823529411763,0.48916295701671164,0.6800098838645909
frozenset({'HDMI Cable'}),frozenset({'Keyboard'}),0.24,0.228,0.144,0.6,2.631578947368421,1.0,0.08928,1.93,0.8157894736842105,0.4444444444444445,0.48186528497409326,0.6157894736842104
frozenset({'Keyboard'}),"frozenset({'HDMI Cable', 'Mouse'})",0.228,0.24,0.144,0.631578947368421,2.631578947368421,1.0,0.08928,2.0628571428571427,0.8031088082901555,0.4444444444444445,0.5152354570637119,0.6157894736842104
frozenset({'HDMI Cable'}),"frozenset({'Keyboard', 'Mouse'})",0.24,0.228,0.144,0.6,2.631578947368421,1.0,0.08928,1.93,0.8157894736842105,0.4444444444444445,0.48186528497409326,0.6157894736842104
"frozenset({'HDMI Cable', 'Mouse'})",frozenset({'Keyboard'}),0.24,0.228,0.144,0.6,2.631578947368421,1.0,0.08928,1.93,0.8157894736842105,0.4444444444444445,0.48186528497409326,0.6157894736842104
frozenset({'Keyboard'}),frozenset({'HDMI Cable'}),0.228,0.24,0.144,0.631578947368421,2.631578947368421,1.0,0.08928,2.0628571428571427,0.8031088082901555,0.4444444444444445,0.5152354570637119,0.6157894736842104
"frozenset({'Keyboard', 'Mouse'})",frozenset({'HDMI Cable'}),0.228,0.24,0.144,0.631578947368421,2.631578947368421,1.0,0.08928,2.0628571428571427,0.8031088082901555,0.4444444444444445,0.5152354570637119,0.6157894736842104
frozenset({'Earphones'}),frozenset({'Power Bank'}),0.148,0.216,0.084,0.5675675675675677,2.627627627627628,1.0,0.05203200000000001,1.8130000000000004,0.7270288397048961,0.30000000000000004,0.4484280198565914,0.4782282282282283
"frozenset({'Keyboard', 'Mouse'})",frozenset({'Laptop'}),0.228,0.236,0.14,0.6140350877192983,2.601843592030925,1.0,0.08619200000000002,1.9794545454545456,0.7974833456698742,0.43209876543209885,0.4948103242399192,0.6036277133511746
frozenset({'Keyboard'}),frozenset({'Laptop'}),0.228,0.236,0.14,0.6140350877192983,2.601843592030925,1.0,0.08619200000000002,1.9794545454545456,0.7974833456698742,0.43209876543209885,0.4948103242399192,0.6036277133511746
frozenset({'Keyboard'}),"frozenset({'Laptop', 'Mouse'})",0.228,0.236,0.14,0.6140350877192983,2.601843592030925,1.0,0.08619200000000002,1.9794545454545456,0.7974833456698742,0.43209876543209885,0.4948103242399192,0.6036277133511746
"frozenset({'Laptop', 'Mouse'})",frozenset({'Keyboard'}),0.236,0.228,0.14,0.5932203389830509,2.601843592030925,1.0,0.08619200000000002,1.8978333333333337,0.805833956619297,0.43209876543209885,0.4730833406516204,0.6036277133511746
frozenset({'Laptop'}),"frozenset({'Keyboard', 'Mouse'})",0.236,0.228,0.14,0.5932203389830509,2.601843592030925,1.0,0.08619200000000002,1.8978333333333337,0.805833956619297,0.43209876543209885,0.4730833406516204,0.6036277133511746
frozenset({'Laptop'}),frozenset({'Keyboard'}),0.236,0.228,0.14,0.5932203389830509,2.601843592030925,1.0,0.08619200000000002,1.8978333333333337,0.805833956619297,0.43209876543209885,0.4730833406516204,0.6036277133511746
"frozenset({'Phone Case', 'Power Bank', 'Phone'})",frozenset({'Charger'}),0.104,0.388,0.104,1.0,2.5773195876288657,1.0,0.063648,inf,0.6830357142857142,0.26804123711340205,1.0,0.634020618556701
"frozenset({'Phone Case', 'Power Bank'})",frozenset({'Charger'}),0.104,0.388,0.104,1.0,2.5773195876288657,1.0,0.063648,inf,0.6830357142857142,0.26804123711340205,1.0,0.634020618556701
"frozenset({'Screen Protector', 'Phone'})",frozenset({'Charger'}),0.104,0.388,0.104,1.0,2.5773195876288657,1.0,0.063648,inf,0.6830357142857142,0.26804123711340205,1.0,0.634020618556701
"frozenset({'Phone Case', 'Screen Protector'})",frozenset({'Charger'}),0.104,0.388,0.104,1.0,2.5773195876288657,1.0,0.063648,inf,0.6830357142857142,0.26804123711340205,1.0,0.634020618556701
"frozenset({'Screen Protector', 'Power Bank'})",frozenset({'Charger'}),0.104,0.388,0.104,1.0,2.5773195876288657,1.0,0.063648,inf,0.6830357142857142,0.26804123711340205,1.0,0.634020618556701
"frozenset({'Smartwatch', 'Phone'})",frozenset({'Charger'}),0.108,0.388,0.108,1.0,2.5773195876288657,1.0,0.06609599999999999,inf,0.68609865470852,0.27835051546391754,1.0,0.6391752577319587
frozenset({'Screen Protector'}),frozenset({'Charger'}),0.104,0.388,0.104,1.0,2.5773195876288657,1.0,0.063648,inf,0.6830357142857142,0.26804123711340205,1.0,0.634020618556701
"frozenset({'Screen Protector', 'Power Bank', 'Phone'})",frozenset({'Charger'}),0.104,0.388,0.104,1.0,2.5773195876288657,1.0,0.063648,inf,0.6830357142857142,0.26804123711340205,1.0,0.634020618556701
"frozenset({'Screen Protector', 'Phone Case', 'Phone', 'Power Bank'})",frozenset({'Charger'}),0.104,0.388,0.104,1.0,2.5773195876288657,1.0,0.063648,inf,0.6830357142857142,0.26804123711340205,1.0,0.634020618556701
"frozenset({'Phone Case', 'Screen Protector', 'Power Bank'})",frozenset({'Charger'}),0.104,0.388,0.104,1.0,2.5773195876288657,1.0,0.063648,inf,0.6830357142857142,0.26804123711340205,1.0,0.634020618556701
"frozenset({'Phone Case', 'Screen Protector', 'Phone'})",frozenset({'Charger'}),0.104,0.388,0.104,1.0,2.5773195876288657,1.0,0.063648,inf,0.6830357142857142,0.26804123711340205,1.0,0.634020618556701
frozenset({'Tablet'}),frozenset({'Charger'}),0.076,0.388,0.076,1.0,2.5773195876288657,1.0,0.046512,inf,0.6623376623376623,0.1958762886597938,1.0,0.5979381443298969
frozenset({'Tablet Cover'}),frozenset({'Charger'}),0.076,0.388,0.076,1.0,2.5773195876288657,1.0,0.046512,inf,0.6623376623376623,0.1958762886597938,1.0,0.5979381443298969
"frozenset({'Tablet', 'Tablet Cover'})",frozenset({'Charger'}),0.076,0.388,0.076,1.0,2.5773195876288657,1.0,0.046512,inf,0.6623376623376623,0.1958762886597938,1.0,0.5979381443298969
"frozenset({'Phone Case', 'Phone'})",frozenset({'Charger'}),0.116,0.388,0.116,1.0,2.5773195876288657,1.0,0.070992,inf,0.6923076923076922,0.29896907216494845,1.0,0.6494845360824743
"frozenset({'Tablet', 'Earphones'})",frozenset({'Charger'}),0.076,0.388,0.076,1.0,2.5773195876288657,1.0,0.046512,inf,0.6623376623376623,0.1958762886597938,1.0,0.5979381443298969
"frozenset({'Tablet', 'Earphones', 'Tablet Cover'})",frozenset({'Charger'}),0.076,0.388,0.076,1.0,2.5773195876288657,1.0,0.046512,inf,0.6623376623376623,0.1958762886597938,1.0,0.5979381443298969
"frozenset({'Earphones', 'Tablet Cover'})",frozenset({'Charger'}),0.076,0.388,0.076,1.0,2.5773195876288657,1.0,0.046512,inf,0.6623376623376623,0.1958762886597938,1.0,0.5979381443298969
frozenset({'Smartwatch'}),frozenset({'Charger'}),0.108,0.388,0.108,1.0,2.5773195876288657,1.0,0.06609599999999999,inf,0.68609865470852,0.27835051546391754,1.0,0.6391752577319587
"frozenset({'Headphones', 'Mouse'})",frozenset({'USB Hub'}),0.028,0.284,0.02,0.7142857142857143,2.5150905432595576,1.0,0.012048000000000001,2.5060000000000002,0.6197530864197532,0.06849315068493152,0.6009577015163609,0.39235412474849096
frozenset({'Webcam'}),frozenset({'USB Hub'}),0.124,0.284,0.088,0.7096774193548386,2.4988641526578825,1.0,0.052784,2.4662222222222216,0.6847239518472396,0.275,0.5945215354117859,0.509768287142208
"frozenset({'Bluetooth Speaker', 'Charger'})",frozenset({'Phone'}),0.112,0.372,0.104,0.9285714285714285,2.49615975422427,1.0,0.062335999999999996,8.791999999999991,0.674982674982675,0.27368421052631575,0.8862602365787078,0.6040706605222734
"frozenset({'Bluetooth Speaker', 'Phone'})",frozenset({'Charger'}),0.108,0.388,0.104,0.9629629629629629,2.4818633066055744,1.0,0.06209599999999999,16.523999999999976,0.6693687478440841,0.26530612244897955,0.9394819656257564,0.6155021000381825
"frozenset({'Charger', 'Power Bank'})",frozenset({'Phone'}),0.136,0.372,0.124,0.9117647058823529,2.450980392156863,1.0,0.073408,7.117333333333332,0.6851851851851852,0.3229166666666667,0.8594979393031098,0.6225490196078431
frozenset({'Power Bank'}),frozenset({'Phone'}),0.216,0.372,0.192,0.888888888888889,2.3894862604540026,1.0,0.11164800000000001,5.652000000000003,0.7417091836734695,0.4848484848484849,0.8230714791224346,0.7025089605734767
frozenset({'Phone'}),frozenset({'Power Bank'}),0.372,0.216,0.192,0.5161290322580645,2.389486260454002,1.0,0.11164800000000001,1.6202666666666667,0.925955414012739,0.4848484848484849,0.3828176431863068,0.7025089605734767
frozenset({'Bluetooth Speaker'}),"frozenset({'Charger', 'Phone'})",0.144,0.304,0.104,0.7222222222222222,2.375730994152047,1.0,0.060224,2.5056,0.676491732566499,0.3023255813953489,0.6008939974457216,0.5321637426900585
frozenset({'Phone Case'}),frozenset({'Phone'}),0.132,0.372,0.116,0.8787878787878788,2.3623330074942976,1.0,0.06689600000000001,5.181,0.6643890036548548,0.29896907216494845,0.8069870681335649,0.5953079178885631
frozenset({'Headphones'}),frozenset({'USB Hub'}),0.156,0.284,0.104,0.6666666666666666,2.347417840375587,1.0,0.059696,2.1479999999999997,0.6800947867298579,0.30952380952380953,0.5344506517690876,0.5164319248826291
"frozenset({'Earphones', 'Power Bank'})",frozenset({'Phone'}),0.084,0.372,0.072,0.857142857142857,2.304147465437788,1.0,0.040752,4.3959999999999955,0.6179039301310043,0.18749999999999997,0.7725204731574156,0.5253456221198156
frozenset({'Phone Case'}),frozenset({'Charger'}),0.132,0.388,0.116,0.8787878787878788,2.2649172133708215,1.0,0.06478400000000001,5.0489999999999995,0.6434133163832831,0.2871287128712871,0.8019409784115666,0.5888784754764136
"frozenset({'Headphones', 'Power Bank'})",frozenset({'Phone'}),0.024,0.372,0.02,0.8333333333333334,2.240143369175627,1.0,0.011072,3.7680000000000007,0.5672131147540984,0.05319148936170213,0.7346072186836519,0.4435483870967742
"frozenset({'Charger', 'Webcam'})",frozenset({'Phone'}),0.024,0.372,0.02,0.8333333333333334,2.240143369175627,1.0,0.011072,3.7680000000000007,0.5672131147540984,0.05319148936170213,0.7346072186836519,0.4435483870967742
"frozenset({'Laptop Bag', 'Laptop'})",frozenset({'HDMI Cable'}),0.18,0.24,0.096,0.5333333333333333,2.2222222222222223,1.0,0.05280000000000001,1.6285714285714286,0.6707317073170731,0.29629629629629634,0.38596491228070173,0.4666666666666667
frozenset({'Laptop Bag'}),"frozenset({'HDMI Cable', 'Mouse'})",0.18,0.24,0.096,0.5333333333333333,2.2222222222222223,1.0,0.05280000000000001,1.6285714285714286,0.6707317073170731,0.29629629629629634,0.38596491228070173,0.4666666666666667
frozenset({'Laptop Bag'}),frozenset({'HDMI Cable'}),0.18,0.24,0.096,0.5333333333333333,2.2222222222222223,1.0,0.05280000000000001,1.6285714285714286,0.6707317073170731,0.29629629629629634,0.38596491228070173,0.4666666666666667
"frozenset({'Laptop Bag', 'Mouse'})",frozenset({'HDMI Cable'}),0.18,0.24,0.096,0.5333333333333333,2.2222222222222223,1.0,0.05280000000000001,1.6285714285714286,0.6707317073170731,0.29629629629629634,0.38596491228070173,0.4666666666666667
"frozenset({'Laptop Bag', 'Laptop'})","frozenset({'HDMI Cable', 'Mouse'})",0.18,0.24,0.096,0.5333333333333333,2.2222222222222223,1.0,0.05280000000000001,1.6285714285714286,0.6707317073170731,0.29629629629629634,0.38596491228070173,0.4666666666666667
"frozenset({'Laptop Bag', 'Laptop', 'Mouse'})",frozenset({'HDMI Cable'}),0.18,0.24,0.096,0.5333333333333333,2.2222222222222223,1.0,0.05280000000000001,1.6285714285714286,0.6707317073170731,0.29629629629629634,0.38596491228070173,0.4666666666666667
"frozenset({'Headphones', 'Phone'})",frozenset({'Charger'}),0.028,0.388,0.024,0.8571428571428571,2.2091310751104563,1.0,0.013136,4.283999999999999,0.5631001371742113,0.061224489795918366,0.7665732959850606,0.45949926362297494
"frozenset({'HDMI Cable', 'Keyboard'})",frozenset({'USB Hub'}),0.144,0.284,0.088,0.6111111111111112,2.151799687010955,1.0,0.047104,1.8411428571428572,0.6253186066270179,0.25882352941176473,0.45685909373060224,0.46048513302034433
"frozenset({'HDMI Cable', 'Keyboard', 'Monitor'})",frozenset({'USB Hub'}),0.144,0.284,0.088,0.6111111111111112,2.151799687010955,1.0,0.047104,1.8411428571428572,0.6253186066270179,0.25882352941176473,0.45685909373060224,0.46048513302034433
"frozenset({'HDMI Cable', 'Keyboard', 'Mouse', 'Monitor'})",frozenset({'USB Hub'}),0.144,0.284,0.088,0.6111111111111112,2.151799687010955,1.0,0.047104,1.8411428571428572,0.6253186066270179,0.25882352941176473,0.45685909373060224,0.46048513302034433
"frozenset({'HDMI Cable', 'Mouse', 'Monitor'})",frozenset({'USB Hub'}),0.144,0.284,0.088,0.6111111111111112,2.151799687010955,1.0,0.047104,1.8411428571428572,0.6253186066270179,0.25882352941176473,0.45685909373060224,0.46048513302034433
frozenset({'Monitor'}),frozenset({'USB Hub'}),0.144,0.284,0.088,0.6111111111111112,2.151799687010955,1.0,0.047104,1.8411428571428572,0.6253186066270179,0.25882352941176473,0.45685909373060224,0.46048513302034433
"frozenset({'Keyboard', 'Mouse', 'Monitor'})",frozenset({'USB Hub'}),0.144,0.284,0.088,0.6111111111111112,2.151799687010955,1.0,0.047104,1.8411428571428572,0.6253186066270179,0.25882352941176473,0.45685909373060224,0.46048513302034433
"frozenset({'Mouse', 'Monitor'})",frozenset({'USB Hub'}),0.144,0.284,0.088,0.6111111111111112,2.151799687010955,1.0,0.047104,1.8411428571428572,0.6253186066270179,0.25882352941176473,0.45685909373060224,0.46048513302034433
"frozenset({'HDMI Cable', 'Monitor'})",frozenset({'USB Hub'}),0.144,0.284,0.088,0.6111111111111112,2.151799687010955,1.0,0.047104,1.8411428571428572,0.6253186066270179,0.25882352941176473,0.45685909373060224,0.46048513302034433
"frozenset({'Keyboard', 'Monitor'})",frozenset({'USB Hub'}),0.144,0.284,0.088,0.6111111111111112,2.151799687010955,1.0,0.047104,1.8411428571428572,0.6253186066270179,0.25882352941176473,0.45685909373060224,0.46048513302034433
"frozenset({'HDMI Cable', 'Keyboard', 'Mouse'})",frozenset({'USB Hub'}),0.144,0.284,0.088,0.6111111111111112,2.151799687010955,1.0,0.047104,1.8411428571428572,0.6253186066270179,0.25882352941176473,0.45685909373060224,0.46048513302034433
"frozenset({'Webcam', 'Phone'})",frozenset({'Charger'}),0.024,0.388,0.02,0.8333333333333334,2.147766323024055,1.0,0.010688,3.6720000000000006,0.5475409836065573,0.05102040816326531,0.7276688453159041,0.44243986254295536
"frozenset({'Keyboard', 'USB Hub'})","frozenset({'HDMI Cable', 'Mouse'})",0.172,0.24,0.088,0.5116279069767442,2.1317829457364343,1.0,0.04672,1.5561904761904763,0.6411945542380325,0.271604938271605,0.357405140758874,0.43914728682170545
"frozenset({'Keyboard', 'USB Hub'})",frozenset({'HDMI Cable'}),0.172,0.24,0.088,0.5116279069767442,2.1317829457364343,1.0,0.04672,1.5561904761904763,0.6411945542380325,0.271604938271605,0.357405140758874,0.43914728682170545
"frozenset({'Keyboard', 'Mouse', 'USB Hub'})",frozenset({'HDMI Cable'}),0.172,0.24,0.088,0.5116279069767442,2.1317829457364343,1.0,0.04672,1.5561904761904763,0.6411945542380325,0.271604938271605,0.357405140758874,0.43914728682170545
"frozenset({'Mouse', 'USB Hub'})",frozenset({'HDMI Cable'}),0.18,0.24,0.092,0.5111111111111111,2.1296296296296298,1.0,0.0488,1.5545454545454545,0.6468716861081654,0.2804878048780488,0.3567251461988304,0.4472222222222222
"frozenset({'Keyboard', 'Laptop', 'Mouse'})",frozenset({'USB Hub'}),0.14,0.284,0.084,0.6,2.1126760563380285,1.0,0.04424,1.7899999999999998,0.6124031007751938,0.2470588235294118,0.44134078212290506,0.447887323943662
"frozenset({'Keyboard', 'Laptop'})",frozenset({'USB Hub'}),0.14,0.284,0.084,0.6,2.1126760563380285,1.0,0.04424,1.7899999999999998,0.6124031007751938,0.2470588235294118,0.44134078212290506,0.447887323943662
frozenset({'Charger'}),frozenset({'Phone'}),0.388,0.372,0.304,0.7835051546391752,2.1061966522558473,1.0,0.159664,2.9007619047619047,0.858187134502924,0.6666666666666666,0.6552629850942281,0.8003547278572221
frozenset({'Phone'}),frozenset({'Charger'}),0.372,0.388,0.304,0.8172043010752688,2.1061966522558473,1.0,0.159664,3.347999999999999,0.8363224941334227,0.6666666666666666,0.7013142174432496,0.8003547278572221
frozenset({'Bluetooth Speaker'}),frozenset({'Phone'}),0.144,0.372,0.108,0.75,2.0161290322580645,1.0,0.054432,2.512,0.5887850467289719,0.2647058823529412,0.6019108280254777,0.5201612903225806
frozenset({'Bluetooth Speaker'}),frozenset({'Charger'}),0.144,0.388,0.112,0.7777777777777779,2.0045819014891184,1.0,0.056128000000000004,2.7540000000000013,0.5854472630173565,0.26666666666666666,0.6368917937545391,0.5332187857961055
frozenset({'Power Bank'}),"frozenset({'Charger', 'Phone'})",0.216,0.304,0.124,0.5740740740740741,1.888401559454191,1.0,0.058336,1.634086956521739,0.6000658327847268,0.3131313131313131,0.3880374627501065,0.49098440545808963
"frozenset({'Notebook', 'Phone'})",frozenset({'Charger'}),0.028,0.388,0.02,0.7142857142857143,1.840942562592047,1.0,0.009136,2.142,0.46995884773662555,0.050505050505050504,0.5331465919701214,0.38291605301914583
frozenset({'USB Hub'}),frozenset({'Mouse'}),0.284,0.348,0.18,0.6338028169014085,1.8212724623603693,1.0,0.081168,1.7804615384615388,0.6297951582867785,0.3982300884955753,0.4383478786831419,0.5755220981058766
frozenset({'Mouse'}),frozenset({'USB Hub'}),0.348,0.284,0.18,0.5172413793103449,1.8212724623603693,1.0,0.081168,1.483142857142857,0.6916155419222904,0.3982300884955753,0.32575611635523033,0.5755220981058766
"frozenset({'Charger', 'Headphones'})",frozenset({'Phone'}),0.036,0.372,0.024,0.6666666666666667,1.792114695340502,1.0,0.010608000000000001,1.8840000000000003,0.4585062240663901,0.06250000000000001,0.4692144373673037,0.3655913978494624
"frozenset({'Power Bank', 'Phone'})",frozenset({'Charger'}),0.192,0.388,0.124,0.6458333333333334,1.6645189003436427,1.0,0.04950399999999999,1.7280000000000002,0.4940913446183327,0.27192982456140347,0.42129629629629634,0.48271048109965636
frozenset({'Power Bank'}),frozenset({'Charger'}),0.216,0.388,0.136,0.6296296296296297,1.6227567773959526,1.0,0.052192,1.6524,0.4894957983193277,0.2905982905982906,0.39481965625756477,0.4900725467735777
frozenset({'Earphones'}),frozenset({'Charger'}),0.148,0.388,0.08,0.5405405405405406,1.3931457230426303,1.0,0.022576000000000006,1.332,0.3312206572769954,0.17543859649122806,0.2492492492492493,0.3733630537754249
